INT,INT.1,INT.2,INT.3,INT.4,INT.5,STRING,STRING.1,STRING.2,STRING.3,INT.6,INT.7,INT.8,INT.9,STRING.4,STRING.5,INT.10,INT.11
idx(id),科技ID(techId),科技等级(level),荣誉值(costHonor),勋章(costCredit),打折(discount),开始日期(beginday),开始时间(begintime),结束日期(endday),结束时间(endtime),参数1(arg1),参数2(arg2),实验室等级(techCenterLevel),玩家等级(userLevel),科技描述(description),名称(name),战斗力(fightPoint),额外勋章(EXcostCredit)
1,7,1,380,50,80,2012/9/7,0:00:01,2012/9/13,23:59:59,5,0,1,5,攻击敌方基地后获得的资源比例上升0.5%,获得资源,200,0
2,7,2,450,80,80,2012/9/7,0:00:01,2012/9/13,23:59:59,10,0,1,5,攻击敌方基地后获得的资源比例上升1.0%,获得资源,400,0
3,7,3,600,110,80,2012/9/7,0:00:01,2012/9/13,23:59:59,15,0,1,5,攻击敌方基地后获得的资源比例上升1.5%,获得资源,600,0
4,7,4,830,150,80,2012/9/7,0:00:01,2012/9/13,23:59:59,20,0,1,5,攻击敌方基地后获得的资源比例上升2.0%,获得资源,800,0
5,7,5,1130,180,80,2012/9/7,0:00:01,2012/9/13,23:59:59,25,0,1,5,攻击敌方基地后获得的资源比例上升2.5%,获得资源,1000,0
6,7,6,1500,230,80,2012/9/7,0:00:01,2012/9/13,23:59:59,30,0,1,5,攻击敌方基地后获得的资源比例上升3.0%,获得资源,1200,0
7,7,7,1950,290,80,2012/9/7,0:00:01,2012/9/13,23:59:59,35,0,1,5,攻击敌方基地后获得的资源比例上升3.5%,获得资源,1400,0
8,7,8,2480,350,80,2012/9/7,0:00:01,2012/9/13,23:59:59,40,0,1,5,攻击敌方基地后获得的资源比例上升4.0%,获得资源,1600,0
9,7,9,3080,530,80,2012/9/7,0:00:01,2012/9/13,23:59:59,45,0,1,5,攻击敌方基地后获得的资源比例上升4.5%,获得资源,1800,0
10,7,10,3750,690,80,2012/9/7,0:00:01,2012/9/13,23:59:59,50,0,1,5,攻击敌方基地后获得的资源比例上升5.0%,获得资源,2000,0
11,7,11,5250,870,80,2012/9/7,0:00:01,2012/9/13,23:59:59,55,0,1,5,攻击敌方基地后获得的资源比例上升5.5%,获得资源,2200,0
12,7,12,6900,1070,80,2012/9/7,0:00:01,2012/9/13,23:59:59,60,0,1,5,攻击敌方基地后获得的资源比例上升6.0%,获得资源,2400,0
13,7,13,8700,1280,80,2012/9/7,0:00:01,2012/9/13,23:59:59,65,0,1,5,攻击敌方基地后获得的资源比例上升6.5%,获得资源,2600,0
14,7,14,10650,1500,80,2012/9/7,0:00:01,2012/9/13,23:59:59,70,0,1,5,攻击敌方基地后获得的资源比例上升7.0%,获得资源,2800,0
15,7,15,12750,1740,80,2012/9/7,0:00:01,2012/9/13,23:59:59,75,0,1,5,攻击敌方基地后获得的资源比例上升7.5%,获得资源,3000,0
16,7,16,15000,2000,80,2012/9/7,0:00:01,2012/9/13,23:59:59,80,0,1,5,攻击敌方基地后获得的资源比例上升8.0%,获得资源,3200,0
17,7,17,17400,2270,80,2012/9/7,0:00:01,2012/9/13,23:59:59,85,0,1,5,攻击敌方基地后获得的资源比例上升8.5%,获得资源,3400,0
18,7,18,19950,2940,80,2012/9/7,0:00:01,2012/9/13,23:59:59,90,0,1,5,攻击敌方基地后获得的资源比例上升9.0%,获得资源,3600,0
19,7,19,22650,3380,80,2012/9/7,0:00:01,2012/9/13,23:59:59,95,0,1,5,攻击敌方基地后获得的资源比例上升9.5%,获得资源,3800,0
20,7,20,26360,3830,80,2012/9/7,0:00:01,2012/9/13,23:59:59,100,0,1,5,攻击敌方基地后获得的资源比例上升10.0%,获得资源,4000,0
21,7,21,30260,4310,80,2012/9/7,0:00:01,2012/9/13,23:59:59,105,0,1,5,攻击敌方基地后获得的资源比例上升10.5%,获得资源,4200,0
22,7,22,34350,4800,80,2012/9/7,0:00:01,2012/9/13,23:59:59,110,0,1,5,攻击敌方基地后获得的资源比例上升11.0%,获得资源,4400,0
23,7,23,38640,5330,80,2012/9/7,0:00:01,2012/9/13,23:59:59,115,0,1,5,攻击敌方基地后获得的资源比例上升11.5%,获得资源,4600,0
24,7,24,43130,5870,80,2012/9/7,0:00:01,2012/9/13,23:59:59,120,0,1,5,攻击敌方基地后获得的资源比例上升12.0%,获得资源,4800,0
25,7,25,47810,6420,80,2012/9/7,0:00:01,2012/9/13,23:59:59,125,0,1,5,攻击敌方基地后获得的资源比例上升12.5%,获得资源,5000,0
26,7,26,52680,7010,80,2012/9/7,0:00:01,2012/9/13,23:59:59,130,0,1,5,攻击敌方基地后获得的资源比例上升13.0%,获得资源,5200,0
27,7,27,57750,7620,80,2012/9/7,0:00:01,2012/9/13,23:59:59,135,0,1,5,攻击敌方基地后获得的资源比例上升13.5%,获得资源,5400,0
28,7,28,63020,8340,80,2012/9/7,0:00:01,2012/9/13,23:59:59,140,0,1,5,攻击敌方基地后获得的资源比例上升14.0%,获得资源,5600,0
29,7,29,68480,9090,80,2012/9/7,0:00:01,2012/9/13,23:59:59,145,0,1,5,攻击敌方基地后获得的资源比例上升14.5%,获得资源,5800,0
30,7,30,75000,9870,80,2012/9/7,0:00:01,2012/9/13,23:59:59,150,0,1,5,攻击敌方基地后获得的资源比例上升15.0%,获得资源,6000,0
31,7,31,81750,10670,80,2012/9/7,0:00:01,2012/9/13,23:59:59,155,0,1,5,攻击敌方基地后获得的资源比例上升15.5%,获得资源,6200,0
32,7,32,88730,11490,80,2012/9/7,0:00:01,2012/9/13,23:59:59,160,0,1,5,攻击敌方基地后获得的资源比例上升16.0%,获得资源,6400,0
33,7,33,95930,12350,80,2012/9/7,0:00:01,2012/9/13,23:59:59,165,0,1,5,攻击敌方基地后获得的资源比例上升16.5%,获得资源,6600,0
34,7,34,103350,13220,80,2012/9/7,0:00:01,2012/9/13,23:59:59,170,0,1,5,攻击敌方基地后获得的资源比例上升17.0%,获得资源,6800,0
35,7,35,111000,14120,80,2012/9/7,0:00:01,2012/9/13,23:59:59,175,0,1,5,攻击敌方基地后获得的资源比例上升17.5%,获得资源,7000,0
36,7,36,118880,15050,80,2012/9/7,0:00:01,2012/9/13,23:59:59,180,0,1,5,攻击敌方基地后获得的资源比例上升18.0%,获得资源,7200,0
37,7,37,126980,15990,80,2012/9/7,0:00:01,2012/9/13,23:59:59,185,0,1,5,攻击敌方基地后获得的资源比例上升18.5%,获得资源,7400,0
38,7,38,135300,17940,80,2012/9/7,0:00:01,2012/9/13,23:59:59,190,0,1,5,攻击敌方基地后获得的资源比例上升19.0%,获得资源,7600,0
39,7,39,143850,19940,80,2012/9/7,0:00:01,2012/9/13,23:59:59,195,0,1,5,攻击敌方基地后获得的资源比例上升19.5%,获得资源,7800,0
40,7,40,161400,21990,80,2012/9/7,0:00:01,2012/9/13,23:59:59,200,0,1,5,攻击敌方基地后获得的资源比例上升20.0%,获得资源,8000,0
41,7,41,179400,24090,80,2012/9/7,0:00:01,2012/9/13,23:59:59,205,0,1,5,攻击敌方基地后获得的资源比例上升20.5%,获得资源,8200,0
42,7,42,197850,26240,80,2012/9/7,0:00:01,2012/9/13,23:59:59,210,0,1,5,攻击敌方基地后获得的资源比例上升21.0%,获得资源,8400,0
43,7,43,216750,37770,80,2012/9/7,0:00:01,2012/9/13,23:59:59,215,0,1,5,攻击敌方基地后获得的资源比例上升21.5%,获得资源,8600,0
44,7,44,236100,46200,80,2012/9/7,0:00:01,2012/9/13,23:59:59,220,0,1,5,攻击敌方基地后获得的资源比例上升22.0%,获得资源,8800,0
45,7,45,302100,54830,80,2012/9/7,0:00:01,2012/9/13,23:59:59,225,0,1,5,攻击敌方基地后获得的资源比例上升22.5%,获得资源,9000,0
46,7,46,369600,63650,80,2012/9/7,0:00:01,2012/9/13,23:59:59,230,0,1,5,攻击敌方基地后获得的资源比例上升23.0%,获得资源,9200,0
47,7,47,438600,72650,80,2012/9/7,0:00:01,2012/9/13,23:59:59,235,0,1,5,攻击敌方基地后获得的资源比例上升23.5%,获得资源,9400,0
48,7,48,509100,81830,80,2012/9/7,0:00:01,2012/9/13,23:59:59,240,0,1,5,攻击敌方基地后获得的资源比例上升24.0%,获得资源,9600,0
49,7,49,581100,91010,80,2012/9/7,0:00:01,2012/9/13,23:59:59,245,0,1,5,攻击敌方基地后获得的资源比例上升24.5%,获得资源,9800,0
50,7,50,654600,100190,80,2012/9/7,0:00:01,2012/9/13,23:59:59,250,0,1,5,攻击敌方基地后获得的资源比例上升25.0%,获得资源,10000,0
51,7,51,739600,111210,80,2012/9/7,0:00:01,2012/9/13,23:59:59,255,0,1,5,攻击敌方基地后获得的资源比例上升25.5%,获得资源,10200,0
52,7,52,835800,123440,80,2012/9/7,0:00:01,2012/9/13,23:59:59,260,0,1,5,攻击敌方基地后获得的资源比例上升26.0%,获得资源,10400,0
53,7,53,944500,137020,80,2012/9/7,0:00:01,2012/9/13,23:59:59,265,0,1,5,攻击敌方基地后获得的资源比例上升26.5%,获得资源,10600,0
54,7,54,1067300,152090,80,2012/9/7,0:00:01,2012/9/13,23:59:59,270,0,1,5,攻击敌方基地后获得的资源比例上升27.0%,获得资源,10800,0
55,7,55,1206000,168820,80,2012/9/7,0:00:01,2012/9/13,23:59:59,275,0,1,5,攻击敌方基地后获得的资源比例上升27.5%,获得资源,11000,0
56,7,56,1362800,187390,80,2012/9/7,0:00:01,2012/9/13,23:59:59,280,0,1,5,攻击敌方基地后获得的资源比例上升28.0%,获得资源,11200,0
57,7,57,1540000,208010,80,2012/9/7,0:00:01,2012/9/13,23:59:59,285,0,1,5,攻击敌方基地后获得的资源比例上升28.5%,获得资源,11400,0
58,7,58,1740200,230890,80,2012/9/7,0:00:01,2012/9/13,23:59:59,290,0,1,5,攻击敌方基地后获得的资源比例上升29.0%,获得资源,11600,0
59,7,59,1966400,256280,80,2012/9/7,0:00:01,2012/9/13,23:59:59,295,0,1,5,攻击敌方基地后获得的资源比例上升29.5%,获得资源,11800,0
60,7,60,2222000,284480,80,2012/9/7,0:00:01,2012/9/13,23:59:59,300,0,1,5,攻击敌方基地后获得的资源比例上升30.0%,获得资源,12000,0
61,7,61,2222322,312680,80,2012/9/7,0:00:01,2012/9/13,23:59:59,305,0,1,7,攻击敌方基地后获得的资源比例上升30.5%,获得资源,12200,25
62,7,62,2376357,340880,80,2012/9/7,0:00:01,2012/9/13,23:59:59,310,0,1,7,攻击敌方基地后获得的资源比例上升31%,获得资源,12400,50
63,7,63,2530393,369080,80,2012/9/7,0:00:01,2012/9/13,23:59:59,315,0,1,7,攻击敌方基地后获得的资源比例上升31.5%,获得资源,12600,75
64,7,64,2684428,397280,80,2012/9/7,0:00:01,2012/9/13,23:59:59,320,0,1,7,攻击敌方基地后获得的资源比例上升32%,获得资源,12800,100
65,7,65,2838464,425480,80,2012/9/7,0:00:01,2012/9/13,23:59:59,325,0,1,7,攻击敌方基地后获得的资源比例上升32.5%,获得资源,13000,125
66,7,66,2992499,453680,80,2012/9/7,0:00:01,2012/9/13,23:59:59,330,0,1,7,攻击敌方基地后获得的资源比例上升33%,获得资源,13200,150
67,7,67,3146535,481880,80,2012/9/7,0:00:01,2012/9/13,23:59:59,335,0,1,7,攻击敌方基地后获得的资源比例上升33.5%,获得资源,13400,175
68,7,68,3300570,510080,80,2012/9/7,0:00:01,2012/9/13,23:59:59,340,0,1,7,攻击敌方基地后获得的资源比例上升34%,获得资源,13600,200
69,7,69,3454605,538280,80,2012/9/7,0:00:01,2012/9/13,23:59:59,345,0,1,7,攻击敌方基地后获得的资源比例上升34.5%,获得资源,13800,225
70,7,70,3608641,566480,80,2012/9/7,0:00:01,2012/9/13,23:59:59,350,0,1,7,攻击敌方基地后获得的资源比例上升35%,获得资源,14000,250
71,7,71,3762676,594680,80,2012/9/7,0:00:01,2012/9/13,23:59:59,355,0,1,7,攻击敌方基地后获得的资源比例上升35.5%,获得资源,14200,275
72,7,72,3916712,622880,80,2012/9/7,0:00:01,2012/9/13,23:59:59,360,0,1,7,攻击敌方基地后获得的资源比例上升36%,获得资源,14400,300
73,7,73,4070747,651080,80,2012/9/7,0:00:01,2012/9/13,23:59:59,365,0,1,7,攻击敌方基地后获得的资源比例上升36.5%,获得资源,14600,325
74,7,74,4224783,679280,80,2012/9/7,0:00:01,2012/9/13,23:59:59,370,0,1,7,攻击敌方基地后获得的资源比例上升37%,获得资源,14800,350
75,7,75,4378818,707480,80,2012/9/7,0:00:01,2012/9/13,23:59:59,375,0,1,7,攻击敌方基地后获得的资源比例上升37.5%,获得资源,15000,375
76,7,76,4532854,735680,80,2012/9/7,0:00:01,2012/9/13,23:59:59,380,0,1,7,攻击敌方基地后获得的资源比例上升38%,获得资源,15200,400
77,7,77,4686889,763880,80,2012/9/7,0:00:01,2012/9/13,23:59:59,385,0,1,7,攻击敌方基地后获得的资源比例上升38.5%,获得资源,15400,425
78,7,78,4840925,792080,80,2012/9/7,0:00:01,2012/9/13,23:59:59,390,0,1,7,攻击敌方基地后获得的资源比例上升39%,获得资源,15600,450
79,7,79,4994960,820280,80,2012/9/7,0:00:01,2012/9/13,23:59:59,395,0,1,7,攻击敌方基地后获得的资源比例上升39.5%,获得资源,15800,475
80,7,80,5148995,848480,80,2012/9/7,0:00:01,2012/9/13,23:59:59,400,0,1,7,攻击敌方基地后获得的资源比例上升40%,获得资源,16000,500
81,4,1,200,30,80,2012/9/7,0:00:01,2012/9/13,23:59:59,1,0,2,7,每次攻击其他玩家后（对其建筑造成损伤不小于20%时），获得的荣誉增加1,荣誉之师,200,0
82,4,2,240,40,80,2012/9/7,0:00:01,2012/9/13,23:59:59,2,0,2,7,每次攻击其他玩家后（对其建筑造成损伤不小于20%时），获得的荣誉增加2,荣誉之师,400,0
83,4,3,320,60,80,2012/9/7,0:00:01,2012/9/13,23:59:59,3,0,2,7,每次攻击其他玩家后（对其建筑造成损伤不小于20%时），获得的荣誉增加3,荣誉之师,600,0
84,4,4,440,80,80,2012/9/7,0:00:01,2012/9/13,23:59:59,4,0,2,7,每次攻击其他玩家后（对其建筑造成损伤不小于20%时），获得的荣誉增加4,荣誉之师,800,0
85,4,5,600,100,80,2012/9/7,0:00:01,2012/9/13,23:59:59,5,0,2,7,每次攻击其他玩家后（对其建筑造成损伤不小于20%时），获得的荣誉增加5,荣誉之师,1000,0
86,4,6,800,120,80,2012/9/7,0:00:01,2012/9/13,23:59:59,6,0,2,7,每次攻击其他玩家后（对其建筑造成损伤不小于20%时），获得的荣誉增加6,荣誉之师,1200,0
87,4,7,1040,160,80,2012/9/7,0:00:01,2012/9/13,23:59:59,7,0,2,7,每次攻击其他玩家后（对其建筑造成损伤不小于20%时），获得的荣誉增加7,荣誉之师,1400,0
88,4,8,1320,190,80,2012/9/7,0:00:01,2012/9/13,23:59:59,8,0,2,7,每次攻击其他玩家后（对其建筑造成损伤不小于20%时），获得的荣誉增加8,荣誉之师,1600,0
89,4,9,1640,280,80,2012/9/7,0:00:01,2012/9/13,23:59:59,9,0,2,7,每次攻击其他玩家后（对其建筑造成损伤不小于20%时），获得的荣誉增加9,荣誉之师,1800,0
90,4,10,2000,370,80,2012/9/7,0:00:01,2012/9/13,23:59:59,10,0,2,7,每次攻击其他玩家后（对其建筑造成损伤不小于20%时），获得的荣誉增加10,荣誉之师,2000,0
91,4,11,2800,470,80,2012/9/7,0:00:01,2012/9/13,23:59:59,11,0,2,7,每次攻击其他玩家后（对其建筑造成损伤不小于20%时），获得的荣誉增加11,荣誉之师,2200,0
92,4,12,3680,570,80,2012/9/7,0:00:01,2012/9/13,23:59:59,12,0,2,7,每次攻击其他玩家后（对其建筑造成损伤不小于20%时），获得的荣誉增加12,荣誉之师,2400,0
93,4,13,4640,680,80,2012/9/7,0:00:01,2012/9/13,23:59:59,13,0,2,7,每次攻击其他玩家后（对其建筑造成损伤不小于20%时），获得的荣誉增加13,荣誉之师,2600,0
94,4,14,5680,800,80,2012/9/7,0:00:01,2012/9/13,23:59:59,14,0,2,7,每次攻击其他玩家后（对其建筑造成损伤不小于20%时），获得的荣誉增加14,荣誉之师,2800,0
95,4,15,6800,930,80,2012/9/7,0:00:01,2012/9/13,23:59:59,15,0,2,7,每次攻击其他玩家后（对其建筑造成损伤不小于20%时），获得的荣誉增加15,荣誉之师,3000,0
96,4,16,8000,1070,80,2012/9/7,0:00:01,2012/9/13,23:59:59,16,0,2,7,每次攻击其他玩家后（对其建筑造成损伤不小于20%时），获得的荣誉增加16,荣誉之师,3200,0
97,4,17,9280,1210,80,2012/9/7,0:00:01,2012/9/13,23:59:59,17,0,2,7,每次攻击其他玩家后（对其建筑造成损伤不小于20%时），获得的荣誉增加17,荣誉之师,3400,0
98,4,18,10640,1570,80,2012/9/7,0:00:01,2012/9/13,23:59:59,18,0,2,7,每次攻击其他玩家后（对其建筑造成损伤不小于20%时），获得的荣誉增加18,荣誉之师,3600,0
99,4,19,12080,1800,80,2012/9/7,0:00:01,2012/9/13,23:59:59,19,0,2,7,每次攻击其他玩家后（对其建筑造成损伤不小于20%时），获得的荣誉增加19,荣誉之师,3800,0
100,4,20,14060,2040,80,2012/9/7,0:00:01,2012/9/13,23:59:59,20,0,2,7,每次攻击其他玩家后（对其建筑造成损伤不小于20%时），获得的荣誉增加20,荣誉之师,4000,0
101,4,21,16140,2300,80,2012/9/7,0:00:01,2012/9/13,23:59:59,21,0,2,7,每次攻击其他玩家后（对其建筑造成损伤不小于20%时），获得的荣誉增加21,荣誉之师,4200,0
102,4,22,18320,2560,80,2012/9/7,0:00:01,2012/9/13,23:59:59,22,0,2,7,每次攻击其他玩家后（对其建筑造成损伤不小于20%时），获得的荣誉增加22,荣誉之师,4400,0
103,4,23,20610,2840,80,2012/9/7,0:00:01,2012/9/13,23:59:59,23,0,2,7,每次攻击其他玩家后（对其建筑造成损伤不小于20%时），获得的荣誉增加23,荣誉之师,4600,0
104,4,24,23000,3130,80,2012/9/7,0:00:01,2012/9/13,23:59:59,24,0,2,7,每次攻击其他玩家后（对其建筑造成损伤不小于20%时），获得的荣誉增加24,荣誉之师,4800,0
105,4,25,25500,3430,80,2012/9/7,0:00:01,2012/9/13,23:59:59,25,0,2,7,每次攻击其他玩家后（对其建筑造成损伤不小于20%时），获得的荣誉增加25,荣誉之师,5000,0
106,4,26,28100,3740,80,2012/9/7,0:00:01,2012/9/13,23:59:59,26,0,2,7,每次攻击其他玩家后（对其建筑造成损伤不小于20%时），获得的荣誉增加26,荣誉之师,5200,0
107,4,27,30800,4070,80,2012/9/7,0:00:01,2012/9/13,23:59:59,27,0,2,7,每次攻击其他玩家后（对其建筑造成损伤不小于20%时），获得的荣誉增加27,荣誉之师,5400,0
108,4,28,33610,4450,80,2012/9/7,0:00:01,2012/9/13,23:59:59,28,0,2,7,每次攻击其他玩家后（对其建筑造成损伤不小于20%时），获得的荣誉增加28,荣誉之师,5600,0
109,4,29,36520,4850,80,2012/9/7,0:00:01,2012/9/13,23:59:59,29,0,2,7,每次攻击其他玩家后（对其建筑造成损伤不小于20%时），获得的荣誉增加29,荣誉之师,5800,0
110,4,30,40000,5270,80,2012/9/7,0:00:01,2012/9/13,23:59:59,30,0,2,7,每次攻击其他玩家后（对其建筑造成损伤不小于20%时），获得的荣誉增加30,荣誉之师,6000,0
111,4,31,43600,5690,80,2012/9/7,0:00:01,2012/9/13,23:59:59,31,0,2,7,每次攻击其他玩家后（对其建筑造成损伤不小于20%时），获得的荣誉增加31,荣誉之师,6200,0
112,4,32,47320,6130,80,2012/9/7,0:00:01,2012/9/13,23:59:59,32,0,2,7,每次攻击其他玩家后（对其建筑造成损伤不小于20%时），获得的荣誉增加32,荣誉之师,6400,0
113,4,33,51160,6590,80,2012/9/7,0:00:01,2012/9/13,23:59:59,33,0,2,7,每次攻击其他玩家后（对其建筑造成损伤不小于20%时），获得的荣誉增加33,荣誉之师,6600,0
114,4,34,55120,7050,80,2012/9/7,0:00:01,2012/9/13,23:59:59,34,0,2,7,每次攻击其他玩家后（对其建筑造成损伤不小于20%时），获得的荣誉增加34,荣誉之师,6800,0
115,4,35,59200,7530,80,2012/9/7,0:00:01,2012/9/13,23:59:59,35,0,2,7,每次攻击其他玩家后（对其建筑造成损伤不小于20%时），获得的荣誉增加35,荣誉之师,7000,0
116,4,36,63400,8030,80,2012/9/7,0:00:01,2012/9/13,23:59:59,36,0,2,7,每次攻击其他玩家后（对其建筑造成损伤不小于20%时），获得的荣誉增加36,荣誉之师,7200,0
117,4,37,67720,8530,80,2012/9/7,0:00:01,2012/9/13,23:59:59,37,0,2,7,每次攻击其他玩家后（对其建筑造成损伤不小于20%时），获得的荣誉增加37,荣誉之师,7400,0
118,4,38,72160,9570,80,2012/9/7,0:00:01,2012/9/13,23:59:59,38,0,2,7,每次攻击其他玩家后（对其建筑造成损伤不小于20%时），获得的荣誉增加38,荣誉之师,7600,0
119,4,39,76720,10640,80,2012/9/7,0:00:01,2012/9/13,23:59:59,39,0,2,7,每次攻击其他玩家后（对其建筑造成损伤不小于20%时），获得的荣誉增加39,荣誉之师,7800,0
120,4,40,86080,11730,80,2012/9/7,0:00:01,2012/9/13,23:59:59,40,0,2,7,每次攻击其他玩家后（对其建筑造成损伤不小于20%时），获得的荣誉增加40,荣誉之师,8000,0
121,4,41,95680,12850,80,2012/9/7,0:00:01,2012/9/13,23:59:59,41,0,2,7,每次攻击其他玩家后（对其建筑造成损伤不小于20%时），获得的荣誉增加41,荣誉之师,8200,0
122,4,42,105520,14000,80,2012/9/7,0:00:01,2012/9/13,23:59:59,42,0,2,7,每次攻击其他玩家后（对其建筑造成损伤不小于20%时），获得的荣誉增加42,荣誉之师,8400,0
123,4,43,115600,20150,80,2012/9/7,0:00:01,2012/9/13,23:59:59,43,0,2,7,每次攻击其他玩家后（对其建筑造成损伤不小于20%时），获得的荣誉增加43,荣誉之师,8600,0
124,4,44,125920,24640,80,2012/9/7,0:00:01,2012/9/13,23:59:59,44,0,2,7,每次攻击其他玩家后（对其建筑造成损伤不小于20%时），获得的荣誉增加44,荣誉之师,8800,0
125,4,45,161120,29240,80,2012/9/7,0:00:01,2012/9/13,23:59:59,45,0,2,7,每次攻击其他玩家后（对其建筑造成损伤不小于20%时），获得的荣誉增加45,荣誉之师,9000,0
126,4,46,197120,33950,80,2012/9/7,0:00:01,2012/9/13,23:59:59,46,0,2,7,每次攻击其他玩家后（对其建筑造成损伤不小于20%时），获得的荣誉增加46,荣誉之师,9200,0
127,4,47,233920,38750,80,2012/9/7,0:00:01,2012/9/13,23:59:59,47,0,2,7,每次攻击其他玩家后（对其建筑造成损伤不小于20%时），获得的荣誉增加47,荣誉之师,9400,0
128,4,48,271520,43640,80,2012/9/7,0:00:01,2012/9/13,23:59:59,48,0,2,7,每次攻击其他玩家后（对其建筑造成损伤不小于20%时），获得的荣誉增加48,荣誉之师,9600,0
129,4,49,309920,48530,80,2012/9/7,0:00:01,2012/9/13,23:59:59,49,0,2,7,每次攻击其他玩家后（对其建筑造成损伤不小于20%时），获得的荣誉增加49,荣誉之师,9800,0
130,4,50,349120,53420,80,2012/9/7,0:00:01,2012/9/13,23:59:59,50,0,2,7,每次攻击其他玩家后（对其建筑造成损伤不小于20%时），获得的荣誉增加50,荣誉之师,10000,0
131,4,51,394500,59290,80,2012/9/7,0:00:01,2012/9/13,23:59:59,51,0,2,7,每次攻击其他玩家后（对其建筑造成损伤不小于20%时），获得的荣誉增加51,荣誉之师,10200,0
132,4,52,445700,65810,80,2012/9/7,0:00:01,2012/9/13,23:59:59,52,0,2,7,每次攻击其他玩家后（对其建筑造成损伤不小于20%时），获得的荣誉增加52,荣誉之师,10400,0
133,4,53,503700,73050,80,2012/9/7,0:00:01,2012/9/13,23:59:59,53,0,2,7,每次攻击其他玩家后（对其建筑造成损伤不小于20%时），获得的荣誉增加53,荣誉之师,10600,0
134,4,54,569200,81090,80,2012/9/7,0:00:01,2012/9/13,23:59:59,54,0,2,7,每次攻击其他玩家后（对其建筑造成损伤不小于20%时），获得的荣誉增加54,荣誉之师,10800,0
135,4,55,643200,90010,80,2012/9/7,0:00:01,2012/9/13,23:59:59,55,0,2,7,每次攻击其他玩家后（对其建筑造成损伤不小于20%时），获得的荣誉增加55,荣誉之师,11000,0
136,4,56,726800,99910,80,2012/9/7,0:00:01,2012/9/13,23:59:59,56,0,2,7,每次攻击其他玩家后（对其建筑造成损伤不小于20%时），获得的荣誉增加56,荣誉之师,11200,0
137,4,57,821300,110900,80,2012/9/7,0:00:01,2012/9/13,23:59:59,57,0,2,7,每次攻击其他玩家后（对其建筑造成损伤不小于20%时），获得的荣誉增加57,荣誉之师,11400,0
138,4,58,928100,123100,80,2012/9/7,0:00:01,2012/9/13,23:59:59,58,0,2,7,每次攻击其他玩家后（对其建筑造成损伤不小于20%时），获得的荣誉增加58,荣誉之师,11600,0
139,4,59,1048700,136650,80,2012/9/7,0:00:01,2012/9/13,23:59:59,59,0,2,7,每次攻击其他玩家后（对其建筑造成损伤不小于20%时），获得的荣誉增加59,荣誉之师,11800,0
140,4,60,1185100,151680,80,2012/9/7,0:00:01,2012/9/13,23:59:59,60,0,2,7,每次攻击其他玩家后（对其建筑造成损伤不小于20%时），获得的荣誉增加60,荣誉之师,12000,0
141,4,61,1215600,166710,80,2012/9/7,0:00:01,2012/9/13,23:59:59,61,0,2,10,每次攻击其他玩家后（对其建筑造成损伤不小于20%时），获得的荣誉增加61,荣誉之师,12200,25
142,4,62,1246600,181740,80,2012/9/7,0:00:01,2012/9/13,23:59:59,62,0,2,10,每次攻击其他玩家后（对其建筑造成损伤不小于20%时），获得的荣誉增加62,荣誉之师,12400,50
143,4,63,1278100,196770,80,2012/9/7,0:00:01,2012/9/13,23:59:59,63,0,2,10,每次攻击其他玩家后（对其建筑造成损伤不小于20%时），获得的荣誉增加63,荣誉之师,12600,75
144,4,64,1310100,211800,80,2012/9/7,0:00:01,2012/9/13,23:59:59,64,0,2,10,每次攻击其他玩家后（对其建筑造成损伤不小于20%时），获得的荣誉增加64,荣誉之师,12800,100
145,4,65,1342600,226830,80,2012/9/7,0:00:01,2012/9/13,23:59:59,65,0,2,10,每次攻击其他玩家后（对其建筑造成损伤不小于20%时），获得的荣誉增加65,荣誉之师,13000,125
146,4,66,1375600,241860,80,2012/9/7,0:00:01,2012/9/13,23:59:59,66,0,2,10,每次攻击其他玩家后（对其建筑造成损伤不小于20%时），获得的荣誉增加66,荣誉之师,13200,150
147,4,67,1409100,256890,80,2012/9/7,0:00:01,2012/9/13,23:59:59,67,0,2,10,每次攻击其他玩家后（对其建筑造成损伤不小于20%时），获得的荣誉增加67,荣誉之师,13400,175
148,4,68,1443100,271920,80,2012/9/7,0:00:01,2012/9/13,23:59:59,68,0,2,10,每次攻击其他玩家后（对其建筑造成损伤不小于20%时），获得的荣誉增加68,荣誉之师,13600,200
149,4,69,1477600,286950,80,2012/9/7,0:00:01,2012/9/13,23:59:59,69,0,2,10,每次攻击其他玩家后（对其建筑造成损伤不小于20%时），获得的荣誉增加69,荣誉之师,13800,225
150,4,70,1512600,301980,80,2012/9/7,0:00:01,2012/9/13,23:59:59,70,0,2,10,每次攻击其他玩家后（对其建筑造成损伤不小于20%时），获得的荣誉增加70,荣誉之师,14000,250
151,4,71,1548100,317010,80,2012/9/7,0:00:01,2012/9/13,23:59:59,71,0,2,10,每次攻击其他玩家后（对其建筑造成损伤不小于20%时），获得的荣誉增加71,荣誉之师,14200,275
152,4,72,1584100,332040,80,2012/9/7,0:00:01,2012/9/13,23:59:59,72,0,2,10,每次攻击其他玩家后（对其建筑造成损伤不小于20%时），获得的荣誉增加72,荣誉之师,14400,300
153,4,73,1620600,347070,80,2012/9/7,0:00:01,2012/9/13,23:59:59,73,0,2,10,每次攻击其他玩家后（对其建筑造成损伤不小于20%时），获得的荣誉增加73,荣誉之师,14600,325
154,4,74,1657600,362100,80,2012/9/7,0:00:01,2012/9/13,23:59:59,74,0,2,10,每次攻击其他玩家后（对其建筑造成损伤不小于20%时），获得的荣誉增加74,荣誉之师,14800,350
155,4,75,1695100,377130,80,2012/9/7,0:00:01,2012/9/13,23:59:59,75,0,2,10,每次攻击其他玩家后（对其建筑造成损伤不小于20%时），获得的荣誉增加75,荣誉之师,15000,375
156,4,76,1733100,392160,80,2012/9/7,0:00:01,2012/9/13,23:59:59,76,0,2,10,每次攻击其他玩家后（对其建筑造成损伤不小于20%时），获得的荣誉增加76,荣誉之师,15200,400
157,4,77,1771600,407190,80,2012/9/7,0:00:01,2012/9/13,23:59:59,77,0,2,10,每次攻击其他玩家后（对其建筑造成损伤不小于20%时），获得的荣誉增加77,荣誉之师,15400,425
158,4,78,1810600,422220,80,2012/9/7,0:00:01,2012/9/13,23:59:59,78,0,2,10,每次攻击其他玩家后（对其建筑造成损伤不小于20%时），获得的荣誉增加78,荣誉之师,15600,450
159,4,79,1850100,437250,80,2012/9/7,0:00:01,2012/9/13,23:59:59,79,0,2,10,每次攻击其他玩家后（对其建筑造成损伤不小于20%时），获得的荣誉增加79,荣誉之师,15800,475
160,4,80,1890100,452280,80,2012/9/7,0:00:01,2012/9/13,23:59:59,80,0,2,10,每次攻击其他玩家后（对其建筑造成损伤不小于20%时），获得的荣誉增加80,荣誉之师,16000,500
161,5,1,300,40,80,2012/9/7,0:00:01,2012/9/13,23:59:59,3,0,4,10,攻击敌方基地时进攻时间延长3秒,时间之源,200,0
162,5,2,360,60,80,2012/9/7,0:00:01,2012/9/13,23:59:59,6,0,4,10,攻击敌方基地时进攻时间延长6秒,时间之源,400,0
163,5,3,480,90,80,2012/9/7,0:00:01,2012/9/13,23:59:59,9,0,4,10,攻击敌方基地时进攻时间延长9秒,时间之源,600,0
164,5,4,660,120,80,2012/9/7,0:00:01,2012/9/13,23:59:59,12,0,4,10,攻击敌方基地时进攻时间延长12秒,时间之源,800,0
165,5,5,900,150,80,2012/9/7,0:00:01,2012/9/13,23:59:59,15,0,4,10,攻击敌方基地时进攻时间延长15秒,时间之源,1000,0
166,5,6,1200,180,80,2012/9/7,0:00:01,2012/9/13,23:59:59,18,0,4,10,攻击敌方基地时进攻时间延长18秒,时间之源,1200,0
167,5,7,1560,230,80,2012/9/7,0:00:01,2012/9/13,23:59:59,21,0,4,10,攻击敌方基地时进攻时间延长21秒,时间之源,1400,0
168,5,8,1980,280,80,2012/9/7,0:00:01,2012/9/13,23:59:59,24,0,4,10,攻击敌方基地时进攻时间延长24秒,时间之源,1600,0
169,5,9,2460,420,80,2012/9/7,0:00:01,2012/9/13,23:59:59,27,0,4,10,攻击敌方基地时进攻时间延长27秒,时间之源,1800,0
170,5,10,3000,560,80,2012/9/7,0:00:01,2012/9/13,23:59:59,30,0,4,10,攻击敌方基地时进攻时间延长30秒,时间之源,2000,0
171,5,11,4200,700,80,2012/9/7,0:00:01,2012/9/13,23:59:59,33,0,4,10,攻击敌方基地时进攻时间延长33秒,时间之源,2200,0
172,5,12,5520,860,80,2012/9/7,0:00:01,2012/9/13,23:59:59,36,0,4,10,攻击敌方基地时进攻时间延长36秒,时间之源,2400,0
173,5,13,6960,1020,80,2012/9/7,0:00:01,2012/9/13,23:59:59,39,0,4,10,攻击敌方基地时进攻时间延长39秒,时间之源,2600,0
174,5,14,8520,1200,80,2012/9/7,0:00:01,2012/9/13,23:59:59,42,0,4,10,攻击敌方基地时进攻时间延长42秒,时间之源,2800,0
175,5,15,10200,1400,80,2012/9/7,0:00:01,2012/9/13,23:59:59,45,0,4,10,攻击敌方基地时进攻时间延长45秒,时间之源,3000,0
176,5,16,12000,1600,80,2012/9/7,0:00:01,2012/9/13,23:59:59,48,0,4,10,攻击敌方基地时进攻时间延长48秒,时间之源,3200,0
177,5,17,13920,1820,80,2012/9/7,0:00:01,2012/9/13,23:59:59,51,0,4,10,攻击敌方基地时进攻时间延长51秒,时间之源,3400,0
178,5,18,15960,2360,80,2012/9/7,0:00:01,2012/9/13,23:59:59,54,0,4,10,攻击敌方基地时进攻时间延长54秒,时间之源,3600,0
179,5,19,18120,2700,80,2012/9/7,0:00:01,2012/9/13,23:59:59,57,0,4,10,攻击敌方基地时进攻时间延长57秒,时间之源,3800,0
180,5,20,21090,3060,80,2012/9/7,0:00:01,2012/9/13,23:59:59,60,0,4,10,攻击敌方基地时进攻时间延长60秒,时间之源,4000,0
181,5,21,24210,3450,80,2012/9/7,0:00:01,2012/9/13,23:59:59,63,0,4,10,攻击敌方基地时进攻时间延长63秒,时间之源,4200,0
182,5,22,27480,3840,80,2012/9/7,0:00:01,2012/9/13,23:59:59,66,0,4,10,攻击敌方基地时进攻时间延长66秒,时间之源,4400,0
183,5,23,30920,4260,80,2012/9/7,0:00:01,2012/9/13,23:59:59,69,0,4,10,攻击敌方基地时进攻时间延长69秒,时间之源,4600,0
184,5,24,34500,4700,80,2012/9/7,0:00:01,2012/9/13,23:59:59,72,0,4,10,攻击敌方基地时进攻时间延长72秒,时间之源,4800,0
185,5,25,38250,5140,80,2012/9/7,0:00:01,2012/9/13,23:59:59,75,0,4,10,攻击敌方基地时进攻时间延长75秒,时间之源,5000,0
186,5,26,42150,5610,80,2012/9/7,0:00:01,2012/9/13,23:59:59,78,0,4,10,攻击敌方基地时进攻时间延长78秒,时间之源,5200,0
187,5,27,46200,6100,80,2012/9/7,0:00:01,2012/9/13,23:59:59,81,0,4,10,攻击敌方基地时进攻时间延长81秒,时间之源,5400,0
188,5,28,50420,6680,80,2012/9/7,0:00:01,2012/9/13,23:59:59,84,0,4,10,攻击敌方基地时进攻时间延长84秒,时间之源,5600,0
189,5,29,54780,7280,80,2012/9/7,0:00:01,2012/9/13,23:59:59,87,0,4,10,攻击敌方基地时进攻时间延长87秒,时间之源,5800,0
190,5,30,60000,7900,80,2012/9/7,0:00:01,2012/9/13,23:59:59,90,0,4,10,攻击敌方基地时进攻时间延长90秒,时间之源,6000,0
191,5,31,65400,8540,80,2012/9/7,0:00:01,2012/9/13,23:59:59,93,0,4,10,攻击敌方基地时进攻时间延长93秒,时间之源,6200,0
192,5,32,70980,9200,80,2012/9/7,0:00:01,2012/9/13,23:59:59,96,0,4,10,攻击敌方基地时进攻时间延长96秒,时间之源,6400,0
193,5,33,76740,9880,80,2012/9/7,0:00:01,2012/9/13,23:59:59,99,0,4,10,攻击敌方基地时进攻时间延长99秒,时间之源,6600,0
194,5,34,82680,10580,80,2012/9/7,0:00:01,2012/9/13,23:59:59,102,0,4,10,攻击敌方基地时进攻时间延长102秒,时间之源,6800,0
195,5,35,88800,11300,80,2012/9/7,0:00:01,2012/9/13,23:59:59,105,0,4,10,攻击敌方基地时进攻时间延长105秒,时间之源,7000,0
196,5,36,95100,12040,80,2012/9/7,0:00:01,2012/9/13,23:59:59,108,0,4,10,攻击敌方基地时进攻时间延长108秒,时间之源,7200,0
197,5,37,101580,12800,80,2012/9/7,0:00:01,2012/9/13,23:59:59,111,0,4,10,攻击敌方基地时进攻时间延长111秒,时间之源,7400,0
198,5,38,108240,14360,80,2012/9/7,0:00:01,2012/9/13,23:59:59,114,0,4,10,攻击敌方基地时进攻时间延长114秒,时间之源,7600,0
199,5,39,115080,15950,80,2012/9/7,0:00:01,2012/9/13,23:59:59,117,0,4,10,攻击敌方基地时进攻时间延长117秒,时间之源,7800,0
200,5,40,129120,17600,80,2012/9/7,0:00:01,2012/9/13,23:59:59,120,0,4,10,攻击敌方基地时进攻时间延长120秒,时间之源,8000,0
201,5,41,143520,19280,80,2012/9/7,0:00:01,2012/9/13,23:59:59,123,0,4,10,攻击敌方基地时进攻时间延长123秒,时间之源,8200,0
202,5,42,158280,20990,80,2012/9/7,0:00:01,2012/9/13,23:59:59,126,0,4,10,攻击敌方基地时进攻时间延长126秒,时间之源,8400,0
203,5,43,173400,30220,80,2012/9/7,0:00:01,2012/9/13,23:59:59,129,0,4,10,攻击敌方基地时进攻时间延长129秒,时间之源,8600,0
204,5,44,188880,36960,80,2012/9/7,0:00:01,2012/9/13,23:59:59,132,0,4,10,攻击敌方基地时进攻时间延长132秒,时间之源,8800,0
205,5,45,241680,43860,80,2012/9/7,0:00:01,2012/9/13,23:59:59,135,0,4,10,攻击敌方基地时进攻时间延长135秒,时间之源,9000,0
206,5,46,295680,50920,80,2012/9/7,0:00:01,2012/9/13,23:59:59,138,0,4,10,攻击敌方基地时进攻时间延长138秒,时间之源,9200,0
207,5,47,350880,58120,80,2012/9/7,0:00:01,2012/9/13,23:59:59,141,0,4,10,攻击敌方基地时进攻时间延长141秒,时间之源,9400,0
208,5,48,407280,65460,80,2012/9/7,0:00:01,2012/9/13,23:59:59,144,0,4,10,攻击敌方基地时进攻时间延长144秒,时间之源,9600,0
209,5,49,464880,72800,80,2012/9/7,0:00:01,2012/9/13,23:59:59,147,0,4,10,攻击敌方基地时进攻时间延长147秒,时间之源,9800,0
210,5,50,523680,80140,80,2012/9/7,0:00:01,2012/9/13,23:59:59,150,0,4,10,攻击敌方基地时进攻时间延长150秒,时间之源,10000,0
211,5,51,537384,87480,80,2012/9/7,0:00:01,2012/9/13,23:59:59,153,0,4,15,攻击敌方基地时进攻时间延长153秒,时间之源,10200,25
212,5,52,581487,94820,80,2012/9/7,0:00:01,2012/9/13,23:59:59,156,0,4,15,攻击敌方基地时进攻时间延长156秒,时间之源,10400,50
213,5,53,625591,102160,80,2012/9/7,0:00:01,2012/9/13,23:59:59,159,0,4,15,攻击敌方基地时进攻时间延长159秒,时间之源,10600,75
214,5,54,669694,109500,80,2012/9/7,0:00:01,2012/9/13,23:59:59,162,0,4,15,攻击敌方基地时进攻时间延长162秒,时间之源,10800,100
215,5,55,713797,116840,80,2012/9/7,0:00:01,2012/9/13,23:59:59,165,0,4,15,攻击敌方基地时进攻时间延长165秒,时间之源,11000,125
216,5,56,757900,124180,80,2012/9/7,0:00:01,2012/9/13,23:59:59,168,0,4,15,攻击敌方基地时进攻时间延长168秒,时间之源,11200,150
217,5,57,802004,131520,80,2012/9/7,0:00:01,2012/9/13,23:59:59,171,0,4,15,攻击敌方基地时进攻时间延长171秒,时间之源,11400,175
218,5,58,846107,138860,80,2012/9/7,0:00:01,2012/9/13,23:59:59,174,0,4,15,攻击敌方基地时进攻时间延长174秒,时间之源,11600,200
219,5,59,890210,146200,80,2012/9/7,0:00:01,2012/9/13,23:59:59,177,0,4,15,攻击敌方基地时进攻时间延长177秒,时间之源,11800,225
220,5,60,934313,153540,80,2012/9/7,0:00:01,2012/9/13,23:59:59,180,0,4,15,攻击敌方基地时进攻时间延长180秒,时间之源,12000,250
221,5,61,978417,160880,80,2012/9/7,0:00:01,2012/9/13,23:59:59,183,0,4,15,攻击敌方基地时进攻时间延长183秒,时间之源,12200,275
222,5,62,1022520,168220,80,2012/9/7,0:00:01,2012/9/13,23:59:59,186,0,4,15,攻击敌方基地时进攻时间延长186秒,时间之源,12400,300
223,5,63,1066623,175560,80,2012/9/7,0:00:01,2012/9/13,23:59:59,189,0,4,15,攻击敌方基地时进攻时间延长189秒,时间之源,12600,325
224,5,64,1110727,182900,80,2012/9/7,0:00:01,2012/9/13,23:59:59,192,0,4,15,攻击敌方基地时进攻时间延长192秒,时间之源,12800,350
225,5,65,1154830,190240,80,2012/9/7,0:00:01,2012/9/13,23:59:59,195,0,4,15,攻击敌方基地时进攻时间延长195秒,时间之源,13000,375
226,5,66,1198933,197580,80,2012/9/7,0:00:01,2012/9/13,23:59:59,198,0,4,15,攻击敌方基地时进攻时间延长198秒,时间之源,13200,400
227,5,67,1243036,204920,80,2012/9/7,0:00:01,2012/9/13,23:59:59,201,0,4,15,攻击敌方基地时进攻时间延长201秒,时间之源,13400,425
228,5,68,1287140,212260,80,2012/9/7,0:00:01,2012/9/13,23:59:59,204,0,4,15,攻击敌方基地时进攻时间延长204秒,时间之源,13600,450
229,5,69,1331243,219600,80,2012/9/7,0:00:01,2012/9/13,23:59:59,207,0,4,15,攻击敌方基地时进攻时间延长207秒,时间之源,13800,475
230,5,70,1375346,226940,80,2012/9/7,0:00:01,2012/9/13,23:59:59,210,0,4,15,攻击敌方基地时进攻时间延长210秒,时间之源,14000,500
231,1,1,250,30,80,2012/9/7,0:00:01,2012/9/13,23:59:59,15,0,6,15,基地中地面部队兵力上限增加15,紧急征兵,200,0
232,1,2,300,50,80,2012/9/7,0:00:01,2012/9/13,23:59:59,30,0,6,15,基地中地面部队兵力上限增加30,紧急征兵,400,0
233,1,3,400,70,80,2012/9/7,0:00:01,2012/9/13,23:59:59,45,0,6,15,基地中地面部队兵力上限增加45,紧急征兵,600,0
234,1,4,550,100,80,2012/9/7,0:00:01,2012/9/13,23:59:59,60,0,6,15,基地中地面部队兵力上限增加60,紧急征兵,800,0
235,1,5,750,120,80,2012/9/7,0:00:01,2012/9/13,23:59:59,75,0,6,15,基地中地面部队兵力上限增加75,紧急征兵,1000,0
236,1,6,1000,150,80,2012/9/7,0:00:01,2012/9/13,23:59:59,90,0,6,15,基地中地面部队兵力上限增加90,紧急征兵,1200,0
237,1,7,1300,190,80,2012/9/7,0:00:01,2012/9/13,23:59:59,105,0,6,15,基地中地面部队兵力上限增加105,紧急征兵,1400,0
238,1,8,1650,230,80,2012/9/7,0:00:01,2012/9/13,23:59:59,120,0,6,15,基地中地面部队兵力上限增加120,紧急征兵,1600,0
239,1,9,2050,350,80,2012/9/7,0:00:01,2012/9/13,23:59:59,135,0,6,15,基地中地面部队兵力上限增加135,紧急征兵,1800,0
240,1,10,2500,460,80,2012/9/7,0:00:01,2012/9/13,23:59:59,150,0,6,15,基地中地面部队兵力上限增加150,紧急征兵,2000,0
241,1,11,3500,580,80,2012/9/7,0:00:01,2012/9/13,23:59:59,165,0,6,15,基地中地面部队兵力上限增加165,紧急征兵,2200,0
242,1,12,4600,710,80,2012/9/7,0:00:01,2012/9/13,23:59:59,180,0,6,15,基地中地面部队兵力上限增加180,紧急征兵,2400,0
243,1,13,5800,850,80,2012/9/7,0:00:01,2012/9/13,23:59:59,195,0,6,15,基地中地面部队兵力上限增加195,紧急征兵,2600,0
244,1,14,7100,1000,80,2012/9/7,0:00:01,2012/9/13,23:59:59,210,0,6,15,基地中地面部队兵力上限增加210,紧急征兵,2800,0
245,1,15,8500,1160,80,2012/9/7,0:00:01,2012/9/13,23:59:59,225,0,6,15,基地中地面部队兵力上限增加225,紧急征兵,3000,0
246,1,16,10000,1330,80,2012/9/7,0:00:01,2012/9/13,23:59:59,240,0,6,15,基地中地面部队兵力上限增加240,紧急征兵,3200,0
247,1,17,11600,1510,80,2012/9/7,0:00:01,2012/9/13,23:59:59,255,0,6,15,基地中地面部队兵力上限增加255,紧急征兵,3400,0
248,1,18,13300,1960,80,2012/9/7,0:00:01,2012/9/13,23:59:59,270,0,6,15,基地中地面部队兵力上限增加270,紧急征兵,3600,0
249,1,19,15100,2250,80,2012/9/7,0:00:01,2012/9/13,23:59:59,285,0,6,15,基地中地面部队兵力上限增加285,紧急征兵,3800,0
250,1,20,17570,2550,80,2012/9/7,0:00:01,2012/9/13,23:59:59,300,0,6,15,基地中地面部队兵力上限增加300,紧急征兵,4000,0
251,1,21,20170,2870,80,2012/9/7,0:00:01,2012/9/13,23:59:59,315,0,6,15,基地中地面部队兵力上限增加315,紧急征兵,4200,0
252,1,22,22900,3200,80,2012/9/7,0:00:01,2012/9/13,23:59:59,330,0,6,15,基地中地面部队兵力上限增加330,紧急征兵,4400,0
253,1,23,25760,3550,80,2012/9/7,0:00:01,2012/9/13,23:59:59,345,0,6,15,基地中地面部队兵力上限增加345,紧急征兵,4600,0
254,1,24,28750,3910,80,2012/9/7,0:00:01,2012/9/13,23:59:59,360,0,6,15,基地中地面部队兵力上限增加360,紧急征兵,4800,0
255,1,25,31870,4280,80,2012/9/7,0:00:01,2012/9/13,23:59:59,375,0,6,15,基地中地面部队兵力上限增加375,紧急征兵,5000,0
256,1,26,35120,4670,80,2012/9/7,0:00:01,2012/9/13,23:59:59,390,0,6,15,基地中地面部队兵力上限增加390,紧急征兵,5200,0
257,1,27,38500,5080,80,2012/9/7,0:00:01,2012/9/13,23:59:59,405,0,6,15,基地中地面部队兵力上限增加405,紧急征兵,5400,0
258,1,28,42010,5560,80,2012/9/7,0:00:01,2012/9/13,23:59:59,420,0,6,15,基地中地面部队兵力上限增加420,紧急征兵,5600,0
259,1,29,45650,6060,80,2012/9/7,0:00:01,2012/9/13,23:59:59,435,0,6,15,基地中地面部队兵力上限增加435,紧急征兵,5800,0
260,1,30,50000,6580,80,2012/9/7,0:00:01,2012/9/13,23:59:59,450,0,6,15,基地中地面部队兵力上限增加450,紧急征兵,6000,0
261,1,31,54500,7110,80,2012/9/7,0:00:01,2012/9/13,23:59:59,465,0,6,15,基地中地面部队兵力上限增加465,紧急征兵,6200,0
262,1,32,59150,7660,80,2012/9/7,0:00:01,2012/9/13,23:59:59,480,0,6,15,基地中地面部队兵力上限增加480,紧急征兵,6400,0
263,1,33,63950,8230,80,2012/9/7,0:00:01,2012/9/13,23:59:59,495,0,6,15,基地中地面部队兵力上限增加495,紧急征兵,6600,0
264,1,34,68900,8810,80,2012/9/7,0:00:01,2012/9/13,23:59:59,510,0,6,15,基地中地面部队兵力上限增加510,紧急征兵,6800,0
265,1,35,74000,9410,80,2012/9/7,0:00:01,2012/9/13,23:59:59,525,0,6,15,基地中地面部队兵力上限增加525,紧急征兵,7000,0
266,1,36,79250,10030,80,2012/9/7,0:00:01,2012/9/13,23:59:59,540,0,6,15,基地中地面部队兵力上限增加540,紧急征兵,7200,0
267,1,37,84650,10660,80,2012/9/7,0:00:01,2012/9/13,23:59:59,555,0,6,15,基地中地面部队兵力上限增加555,紧急征兵,7400,0
268,1,38,90200,11960,80,2012/9/7,0:00:01,2012/9/13,23:59:59,570,0,6,15,基地中地面部队兵力上限增加570,紧急征兵,7600,0
269,1,39,95900,13290,80,2012/9/7,0:00:01,2012/9/13,23:59:59,585,0,6,15,基地中地面部队兵力上限增加585,紧急征兵,7800,0
270,1,40,107600,14660,80,2012/9/7,0:00:01,2012/9/13,23:59:59,600,0,6,15,基地中地面部队兵力上限增加600,紧急征兵,8000,0
271,1,41,119600,16060,80,2012/9/7,0:00:01,2012/9/13,23:59:59,615,0,6,15,基地中地面部队兵力上限增加615,紧急征兵,8200,0
272,1,42,131900,17490,80,2012/9/7,0:00:01,2012/9/13,23:59:59,630,0,6,15,基地中地面部队兵力上限增加630,紧急征兵,8400,0
273,1,43,144500,25180,80,2012/9/7,0:00:01,2012/9/13,23:59:59,645,0,6,15,基地中地面部队兵力上限增加645,紧急征兵,8600,0
274,1,44,157400,30800,80,2012/9/7,0:00:01,2012/9/13,23:59:59,660,0,6,15,基地中地面部队兵力上限增加660,紧急征兵,8800,0
275,1,45,201400,36550,80,2012/9/7,0:00:01,2012/9/13,23:59:59,675,0,6,15,基地中地面部队兵力上限增加675,紧急征兵,9000,0
276,1,46,246400,42430,80,2012/9/7,0:00:01,2012/9/13,23:59:59,690,0,6,15,基地中地面部队兵力上限增加690,紧急征兵,9200,0
277,1,47,292400,48430,80,2012/9/7,0:00:01,2012/9/13,23:59:59,705,0,6,15,基地中地面部队兵力上限增加705,紧急征兵,9400,0
278,1,48,339400,54550,80,2012/9/7,0:00:01,2012/9/13,23:59:59,720,0,6,15,基地中地面部队兵力上限增加720,紧急征兵,9600,0
279,1,49,387400,60590,80,2012/9/7,0:00:01,2012/9/13,23:59:59,735,0,6,15,基地中地面部队兵力上限增加735,紧急征兵,9800,0
280,1,50,436400,66650,80,2012/9/7,0:00:01,2012/9/13,23:59:59,750,0,6,15,基地中地面部队兵力上限增加750,紧急征兵,10000,0
281,1,51,488700,73980,80,2012/9/7,0:00:01,2012/9/13,23:59:59,765,0,6,15,基地中地面部队兵力上限增加765,紧急征兵,10200,0
282,1,52,547400,82110,80,2012/9/7,0:00:01,2012/9/13,23:59:59,780,0,6,15,基地中地面部队兵力上限增加780,紧急征兵,10400,0
283,1,53,613100,91150,80,2012/9/7,0:00:01,2012/9/13,23:59:59,795,0,6,15,基地中地面部队兵力上限增加795,紧急征兵,10600,0
284,1,54,686600,101170,80,2012/9/7,0:00:01,2012/9/13,23:59:59,810,0,6,15,基地中地面部队兵力上限增加810,紧急征兵,10800,0
285,1,55,769000,112300,80,2012/9/7,0:00:01,2012/9/13,23:59:59,825,0,6,15,基地中地面部队兵力上限增加825,紧急征兵,11000,0
286,1,56,861300,124660,80,2012/9/7,0:00:01,2012/9/13,23:59:59,840,0,6,15,基地中地面部队兵力上限增加840,紧急征兵,11200,0
287,1,57,964700,138370,80,2012/9/7,0:00:01,2012/9/13,23:59:59,855,0,6,15,基地中地面部队兵力上限增加855,紧急征兵,11400,0
288,1,58,1080500,153590,80,2012/9/7,0:00:01,2012/9/13,23:59:59,870,0,6,15,基地中地面部队兵力上限增加870,紧急征兵,11600,0
289,1,59,1210100,170490,80,2012/9/7,0:00:01,2012/9/13,23:59:59,885,0,6,15,基地中地面部队兵力上限增加885,紧急征兵,11800,0
290,1,60,1355300,189240,80,2012/9/7,0:00:01,2012/9/13,23:59:59,900,0,6,15,基地中地面部队兵力上限增加900,紧急征兵,12000,0
291,1,61,1385800,207990,80,2012/9/7,0:00:01,2012/9/13,23:59:59,915,0,6,20,基地中地面部队兵力上限增加915,紧急征兵,12200,25
292,1,62,1416800,226740,80,2012/9/7,0:00:01,2012/9/13,23:59:59,930,0,6,20,基地中地面部队兵力上限增加930,紧急征兵,12400,50
293,1,63,1448300,245490,80,2012/9/7,0:00:01,2012/9/13,23:59:59,945,0,6,20,基地中地面部队兵力上限增加945,紧急征兵,12600,75
294,1,64,1480300,264240,80,2012/9/7,0:00:01,2012/9/13,23:59:59,960,0,6,20,基地中地面部队兵力上限增加960,紧急征兵,12800,100
295,1,65,1512800,282990,80,2012/9/7,0:00:01,2012/9/13,23:59:59,975,0,6,20,基地中地面部队兵力上限增加975,紧急征兵,13000,125
296,1,66,1545800,301740,80,2012/9/7,0:00:01,2012/9/13,23:59:59,990,0,6,20,基地中地面部队兵力上限增加990,紧急征兵,13200,150
297,1,67,1579300,320490,80,2012/9/7,0:00:01,2012/9/13,23:59:59,1005,0,6,20,基地中地面部队兵力上限增加1005,紧急征兵,13400,175
298,1,68,1613300,339240,80,2012/9/7,0:00:01,2012/9/13,23:59:59,1020,0,6,20,基地中地面部队兵力上限增加1020,紧急征兵,13600,200
299,1,69,1647800,357990,80,2012/9/7,0:00:01,2012/9/13,23:59:59,1035,0,6,20,基地中地面部队兵力上限增加1035,紧急征兵,13800,225
300,1,70,1682800,376740,80,2012/9/7,0:00:01,2012/9/13,23:59:59,1050,0,6,20,基地中地面部队兵力上限增加1050,紧急征兵,14000,250
301,1,71,1718300,395490,80,2012/9/7,0:00:01,2012/9/13,23:59:59,1065,0,6,20,基地中地面部队兵力上限增加1065,紧急征兵,14200,275
302,1,72,1754300,414240,80,2012/9/7,0:00:01,2012/9/13,23:59:59,1080,0,6,20,基地中地面部队兵力上限增加1080,紧急征兵,14400,300
303,1,73,1790800,432990,80,2012/9/7,0:00:01,2012/9/13,23:59:59,1095,0,6,20,基地中地面部队兵力上限增加1095,紧急征兵,14600,325
304,1,74,1827800,451740,80,2012/9/7,0:00:01,2012/9/13,23:59:59,1110,0,6,20,基地中地面部队兵力上限增加1110,紧急征兵,14800,350
305,1,75,1865300,470490,80,2012/9/7,0:00:01,2012/9/13,23:59:59,1125,0,6,20,基地中地面部队兵力上限增加1125,紧急征兵,15000,375
306,1,76,1903300,489240,80,2012/9/7,0:00:01,2012/9/13,23:59:59,1140,0,6,20,基地中地面部队兵力上限增加1140,紧急征兵,15200,400
307,1,77,1941800,507990,80,2012/9/7,0:00:01,2012/9/13,23:59:59,1155,0,6,20,基地中地面部队兵力上限增加1155,紧急征兵,15400,425
308,1,78,1980800,526740,80,2012/9/7,0:00:01,2012/9/13,23:59:59,1170,0,6,20,基地中地面部队兵力上限增加1170,紧急征兵,15600,450
309,1,79,2020300,545490,80,2012/9/7,0:00:01,2012/9/13,23:59:59,1185,0,6,20,基地中地面部队兵力上限增加1185,紧急征兵,15800,475
310,1,80,2060300,564240,80,2012/9/7,0:00:01,2012/9/13,23:59:59,1200,0,6,20,基地中地面部队兵力上限增加1200,紧急征兵,16000,500
311,2,1,380,50,80,2012/9/7,0:00:01,2012/9/13,23:59:59,10,0,8,20,基地中空中部队兵力上限增加10,飞虎队,200,0
312,2,2,450,80,80,2012/9/7,0:00:01,2012/9/13,23:59:59,20,0,8,20,基地中空中部队兵力上限增加20,飞虎队,400,0
313,2,3,600,110,80,2012/9/7,0:00:01,2012/9/13,23:59:59,30,0,8,20,基地中空中部队兵力上限增加30,飞虎队,600,0
314,2,4,830,150,80,2012/9/7,0:00:01,2012/9/13,23:59:59,40,0,8,20,基地中空中部队兵力上限增加40,飞虎队,800,0
315,2,5,1130,180,80,2012/9/7,0:00:01,2012/9/13,23:59:59,50,0,8,20,基地中空中部队兵力上限增加50,飞虎队,1000,0
316,2,6,1500,230,80,2012/9/7,0:00:01,2012/9/13,23:59:59,60,0,8,20,基地中空中部队兵力上限增加60,飞虎队,1200,0
317,2,7,1950,290,80,2012/9/7,0:00:01,2012/9/13,23:59:59,70,0,8,20,基地中空中部队兵力上限增加70,飞虎队,1400,0
318,2,8,2480,350,80,2012/9/7,0:00:01,2012/9/13,23:59:59,80,0,8,20,基地中空中部队兵力上限增加80,飞虎队,1600,0
319,2,9,3080,530,80,2012/9/7,0:00:01,2012/9/13,23:59:59,90,0,8,20,基地中空中部队兵力上限增加90,飞虎队,1800,0
320,2,10,3750,690,80,2012/9/7,0:00:01,2012/9/13,23:59:59,100,0,8,20,基地中空中部队兵力上限增加100,飞虎队,2000,0
321,2,11,5250,870,80,2012/9/7,0:00:01,2012/9/13,23:59:59,110,0,8,20,基地中空中部队兵力上限增加110,飞虎队,2200,0
322,2,12,6900,1070,80,2012/9/7,0:00:01,2012/9/13,23:59:59,120,0,8,20,基地中空中部队兵力上限增加120,飞虎队,2400,0
323,2,13,8700,1280,80,2012/9/7,0:00:01,2012/9/13,23:59:59,130,0,8,20,基地中空中部队兵力上限增加130,飞虎队,2600,0
324,2,14,10650,1500,80,2012/9/7,0:00:01,2012/9/13,23:59:59,140,0,8,20,基地中空中部队兵力上限增加140,飞虎队,2800,0
325,2,15,12750,1740,80,2012/9/7,0:00:01,2012/9/13,23:59:59,150,0,8,20,基地中空中部队兵力上限增加150,飞虎队,3000,0
326,2,16,15000,2000,80,2012/9/7,0:00:01,2012/9/13,23:59:59,160,0,8,20,基地中空中部队兵力上限增加160,飞虎队,3200,0
327,2,17,17400,2270,80,2012/9/7,0:00:01,2012/9/13,23:59:59,170,0,8,20,基地中空中部队兵力上限增加170,飞虎队,3400,0
328,2,18,19950,2940,80,2012/9/7,0:00:01,2012/9/13,23:59:59,180,0,8,20,基地中空中部队兵力上限增加180,飞虎队,3600,0
329,2,19,22650,3380,80,2012/9/7,0:00:01,2012/9/13,23:59:59,190,0,8,20,基地中空中部队兵力上限增加190,飞虎队,3800,0
330,2,20,26360,3830,80,2012/9/7,0:00:01,2012/9/13,23:59:59,200,0,8,20,基地中空中部队兵力上限增加200,飞虎队,4000,0
331,2,21,30260,4310,80,2012/9/7,0:00:01,2012/9/13,23:59:59,210,0,8,20,基地中空中部队兵力上限增加210,飞虎队,4200,0
332,2,22,34350,4800,80,2012/9/7,0:00:01,2012/9/13,23:59:59,220,0,8,20,基地中空中部队兵力上限增加220,飞虎队,4400,0
333,2,23,38640,5330,80,2012/9/7,0:00:01,2012/9/13,23:59:59,230,0,8,20,基地中空中部队兵力上限增加230,飞虎队,4600,0
334,2,24,43130,5870,80,2012/9/7,0:00:01,2012/9/13,23:59:59,240,0,8,20,基地中空中部队兵力上限增加240,飞虎队,4800,0
335,2,25,47810,6420,80,2012/9/7,0:00:01,2012/9/13,23:59:59,250,0,8,20,基地中空中部队兵力上限增加250,飞虎队,5000,0
336,2,26,52680,7010,80,2012/9/7,0:00:01,2012/9/13,23:59:59,260,0,8,20,基地中空中部队兵力上限增加260,飞虎队,5200,0
337,2,27,57750,7620,80,2012/9/7,0:00:01,2012/9/13,23:59:59,270,0,8,20,基地中空中部队兵力上限增加270,飞虎队,5400,0
338,2,28,63020,8340,80,2012/9/7,0:00:01,2012/9/13,23:59:59,280,0,8,20,基地中空中部队兵力上限增加280,飞虎队,5600,0
339,2,29,68480,9090,80,2012/9/7,0:00:01,2012/9/13,23:59:59,290,0,8,20,基地中空中部队兵力上限增加290,飞虎队,5800,0
340,2,30,75000,9870,80,2012/9/7,0:00:01,2012/9/13,23:59:59,300,0,8,20,基地中空中部队兵力上限增加300,飞虎队,6000,0
341,2,31,81750,10670,80,2012/9/7,0:00:01,2012/9/13,23:59:59,310,0,8,20,基地中空中部队兵力上限增加310,飞虎队,6200,0
342,2,32,88730,11490,80,2012/9/7,0:00:01,2012/9/13,23:59:59,320,0,8,20,基地中空中部队兵力上限增加320,飞虎队,6400,0
343,2,33,95930,12350,80,2012/9/7,0:00:01,2012/9/13,23:59:59,330,0,8,20,基地中空中部队兵力上限增加330,飞虎队,6600,0
344,2,34,103350,13220,80,2012/9/7,0:00:01,2012/9/13,23:59:59,340,0,8,20,基地中空中部队兵力上限增加340,飞虎队,6800,0
345,2,35,111000,14120,80,2012/9/7,0:00:01,2012/9/13,23:59:59,350,0,8,20,基地中空中部队兵力上限增加350,飞虎队,7000,0
346,2,36,118880,15050,80,2012/9/7,0:00:01,2012/9/13,23:59:59,360,0,8,20,基地中空中部队兵力上限增加360,飞虎队,7200,0
347,2,37,126980,15990,80,2012/9/7,0:00:01,2012/9/13,23:59:59,370,0,8,20,基地中空中部队兵力上限增加370,飞虎队,7400,0
348,2,38,135300,17940,80,2012/9/7,0:00:01,2012/9/13,23:59:59,380,0,8,20,基地中空中部队兵力上限增加380,飞虎队,7600,0
349,2,39,143850,19940,80,2012/9/7,0:00:01,2012/9/13,23:59:59,390,0,8,20,基地中空中部队兵力上限增加390,飞虎队,7800,0
350,2,40,161400,21990,80,2012/9/7,0:00:01,2012/9/13,23:59:59,400,0,8,20,基地中空中部队兵力上限增加400,飞虎队,8000,0
351,2,41,179400,24090,80,2012/9/7,0:00:01,2012/9/13,23:59:59,410,0,8,20,基地中空中部队兵力上限增加410,飞虎队,8200,0
352,2,42,197850,26240,80,2012/9/7,0:00:01,2012/9/13,23:59:59,420,0,8,20,基地中空中部队兵力上限增加420,飞虎队,8400,0
353,2,43,216750,37770,80,2012/9/7,0:00:01,2012/9/13,23:59:59,430,0,8,20,基地中空中部队兵力上限增加430,飞虎队,8600,0
354,2,44,236100,46200,80,2012/9/7,0:00:01,2012/9/13,23:59:59,440,0,8,20,基地中空中部队兵力上限增加440,飞虎队,8800,0
355,2,45,302100,54830,80,2012/9/7,0:00:01,2012/9/13,23:59:59,450,0,8,20,基地中空中部队兵力上限增加450,飞虎队,9000,0
356,2,46,369600,63650,80,2012/9/7,0:00:01,2012/9/13,23:59:59,460,0,8,20,基地中空中部队兵力上限增加460,飞虎队,9200,0
357,2,47,438600,72650,80,2012/9/7,0:00:01,2012/9/13,23:59:59,470,0,8,20,基地中空中部队兵力上限增加470,飞虎队,9400,0
358,2,48,509100,81830,80,2012/9/7,0:00:01,2012/9/13,23:59:59,480,0,8,20,基地中空中部队兵力上限增加480,飞虎队,9600,0
359,2,49,581100,90890,80,2012/9/7,0:00:01,2012/9/13,23:59:59,490,0,8,20,基地中空中部队兵力上限增加490,飞虎队,9800,0
360,2,50,654600,99980,80,2012/9/7,0:00:01,2012/9/13,23:59:59,500,0,8,20,基地中空中部队兵力上限增加500,飞虎队,10000,0
361,2,51,739600,111210,80,2012/9/7,0:00:01,2012/9/13,23:59:59,510,0,8,20,基地中空中部队兵力上限增加510,飞虎队,10200,0
362,2,52,835800,123440,80,2012/9/7,0:00:01,2012/9/13,23:59:59,520,0,8,20,基地中空中部队兵力上限增加520,飞虎队,10400,0
363,2,53,944500,137020,80,2012/9/7,0:00:01,2012/9/13,23:59:59,530,0,8,20,基地中空中部队兵力上限增加530,飞虎队,10600,0
364,2,54,1067300,152090,80,2012/9/7,0:00:01,2012/9/13,23:59:59,540,0,8,20,基地中空中部队兵力上限增加540,飞虎队,10800,0
365,2,55,1206000,168820,80,2012/9/7,0:00:01,2012/9/13,23:59:59,550,0,8,20,基地中空中部队兵力上限增加550,飞虎队,11000,0
366,2,56,1362800,187390,80,2012/9/7,0:00:01,2012/9/13,23:59:59,560,0,8,20,基地中空中部队兵力上限增加560,飞虎队,11200,0
367,2,57,1540000,208010,80,2012/9/7,0:00:01,2012/9/13,23:59:59,570,0,8,20,基地中空中部队兵力上限增加570,飞虎队,11400,0
368,2,58,1740200,230890,80,2012/9/7,0:00:01,2012/9/13,23:59:59,580,0,8,20,基地中空中部队兵力上限增加580,飞虎队,11600,0
369,2,59,1966400,256280,80,2012/9/7,0:00:01,2012/9/13,23:59:59,590,0,8,20,基地中空中部队兵力上限增加590,飞虎队,11800,0
370,2,60,2222000,284480,80,2012/9/7,0:00:01,2012/9/13,23:59:59,600,0,8,20,基地中空中部队兵力上限增加600,飞虎队,12000,0
371,2,61,2283000,312680,80,2012/9/7,0:00:01,2012/9/13,23:59:59,610,0,8,25,基地中空中部队兵力上限增加610,飞虎队,12200,25
372,2,62,2345000,340880,80,2012/9/7,0:00:01,2012/9/13,23:59:59,620,0,8,25,基地中空中部队兵力上限增加620,飞虎队,12400,50
373,2,63,2408000,369080,80,2012/9/7,0:00:01,2012/9/13,23:59:59,630,0,8,25,基地中空中部队兵力上限增加630,飞虎队,12600,75
374,2,64,2472000,397280,80,2012/9/7,0:00:01,2012/9/13,23:59:59,640,0,8,25,基地中空中部队兵力上限增加640,飞虎队,12800,100
375,2,65,2537000,425480,80,2012/9/7,0:00:01,2012/9/13,23:59:59,650,0,8,25,基地中空中部队兵力上限增加650,飞虎队,13000,125
376,2,66,2603000,453680,80,2012/9/7,0:00:01,2012/9/13,23:59:59,660,0,8,25,基地中空中部队兵力上限增加660,飞虎队,13200,150
377,2,67,2670000,481880,80,2012/9/7,0:00:01,2012/9/13,23:59:59,670,0,8,25,基地中空中部队兵力上限增加670,飞虎队,13400,175
378,2,68,2738000,510080,80,2012/9/7,0:00:01,2012/9/13,23:59:59,680,0,8,25,基地中空中部队兵力上限增加680,飞虎队,13600,200
379,2,69,2807000,538280,80,2012/9/7,0:00:01,2012/9/13,23:59:59,690,0,8,25,基地中空中部队兵力上限增加690,飞虎队,13800,225
380,2,70,2877000,566480,80,2012/9/7,0:00:01,2012/9/13,23:59:59,700,0,8,25,基地中空中部队兵力上限增加700,飞虎队,14000,250
381,2,71,2948000,594680,80,2012/9/7,0:00:01,2012/9/13,23:59:59,710,0,8,25,基地中空中部队兵力上限增加710,飞虎队,14200,275
382,2,72,3020000,622880,80,2012/9/7,0:00:01,2012/9/13,23:59:59,720,0,8,25,基地中空中部队兵力上限增加720,飞虎队,14400,300
383,2,73,3093000,651080,80,2012/9/7,0:00:01,2012/9/13,23:59:59,730,0,8,25,基地中空中部队兵力上限增加730,飞虎队,14600,325
384,2,74,3167000,679280,80,2012/9/7,0:00:01,2012/9/13,23:59:59,740,0,8,25,基地中空中部队兵力上限增加740,飞虎队,14800,350
385,2,75,3242000,707480,80,2012/9/7,0:00:01,2012/9/13,23:59:59,750,0,8,25,基地中空中部队兵力上限增加750,飞虎队,15000,375
386,2,76,3318000,735680,80,2012/9/7,0:00:01,2012/9/13,23:59:59,760,0,8,25,基地中空中部队兵力上限增加760,飞虎队,15200,400
387,2,77,3395000,763880,80,2012/9/7,0:00:01,2012/9/13,23:59:59,770,0,8,25,基地中空中部队兵力上限增加770,飞虎队,15400,425
388,2,78,3473000,792080,80,2012/9/7,0:00:01,2012/9/13,23:59:59,780,0,8,25,基地中空中部队兵力上限增加780,飞虎队,15600,450
389,2,79,3552000,820280,80,2012/9/7,0:00:01,2012/9/13,23:59:59,790,0,8,25,基地中空中部队兵力上限增加790,飞虎队,15800,475
390,2,80,3632000,848480,80,2012/9/7,0:00:01,2012/9/13,23:59:59,800,0,8,25,基地中空中部队兵力上限增加800,飞虎队,16000,500
391,3,1,300,40,80,2012/9/7,0:00:01,2012/9/13,23:59:59,10,0,10,25,攻击敌方基地时可用地面部队兵力上限增加10,全面进攻,200,0
392,3,2,360,60,80,2012/9/7,0:00:01,2012/9/13,23:59:59,20,0,10,25,攻击敌方基地时可用地面部队兵力上限增加20,全面进攻,400,0
393,3,3,480,90,80,2012/9/7,0:00:01,2012/9/13,23:59:59,30,0,10,25,攻击敌方基地时可用地面部队兵力上限增加30,全面进攻,600,0
394,3,4,660,120,80,2012/9/7,0:00:01,2012/9/13,23:59:59,40,0,10,25,攻击敌方基地时可用地面部队兵力上限增加40,全面进攻,800,0
395,3,5,900,150,80,2012/9/7,0:00:01,2012/9/13,23:59:59,50,0,10,25,攻击敌方基地时可用地面部队兵力上限增加50,全面进攻,1000,0
396,3,6,1200,180,80,2012/9/7,0:00:01,2012/9/13,23:59:59,60,0,10,25,攻击敌方基地时可用地面部队兵力上限增加60,全面进攻,1200,0
397,3,7,1560,230,80,2012/9/7,0:00:01,2012/9/13,23:59:59,70,0,10,25,攻击敌方基地时可用地面部队兵力上限增加70,全面进攻,1400,0
398,3,8,1980,280,80,2012/9/7,0:00:01,2012/9/13,23:59:59,80,0,10,25,攻击敌方基地时可用地面部队兵力上限增加80,全面进攻,1600,0
399,3,9,2460,420,80,2012/9/7,0:00:01,2012/9/13,23:59:59,90,0,10,25,攻击敌方基地时可用地面部队兵力上限增加90,全面进攻,1800,0
400,3,10,3000,560,80,2012/9/7,0:00:01,2012/9/13,23:59:59,100,0,10,25,攻击敌方基地时可用地面部队兵力上限增加100,全面进攻,2000,0
401,3,11,4200,700,80,2012/9/7,0:00:01,2012/9/13,23:59:59,110,0,10,25,攻击敌方基地时可用地面部队兵力上限增加110,全面进攻,2200,0
402,3,12,5520,860,80,2012/9/7,0:00:01,2012/9/13,23:59:59,120,0,10,25,攻击敌方基地时可用地面部队兵力上限增加120,全面进攻,2400,0
403,3,13,6960,1020,80,2012/9/7,0:00:01,2012/9/13,23:59:59,130,0,10,25,攻击敌方基地时可用地面部队兵力上限增加130,全面进攻,2600,0
404,3,14,8520,1200,80,2012/9/7,0:00:01,2012/9/13,23:59:59,140,0,10,25,攻击敌方基地时可用地面部队兵力上限增加140,全面进攻,2800,0
405,3,15,10200,1400,80,2012/9/7,0:00:01,2012/9/13,23:59:59,150,0,10,25,攻击敌方基地时可用地面部队兵力上限增加150,全面进攻,3000,0
406,3,16,12000,1600,80,2012/9/7,0:00:01,2012/9/13,23:59:59,160,0,10,25,攻击敌方基地时可用地面部队兵力上限增加160,全面进攻,3200,0
407,3,17,13920,1820,80,2012/9/7,0:00:01,2012/9/13,23:59:59,170,0,10,25,攻击敌方基地时可用地面部队兵力上限增加170,全面进攻,3400,0
408,3,18,15960,2360,80,2012/9/7,0:00:01,2012/9/13,23:59:59,180,0,10,25,攻击敌方基地时可用地面部队兵力上限增加180,全面进攻,3600,0
409,3,19,18120,2700,80,2012/9/7,0:00:01,2012/9/13,23:59:59,190,0,10,25,攻击敌方基地时可用地面部队兵力上限增加190,全面进攻,3800,0
410,3,20,21090,3060,80,2012/9/7,0:00:01,2012/9/13,23:59:59,200,0,10,25,攻击敌方基地时可用地面部队兵力上限增加200,全面进攻,4000,0
411,3,21,24210,3450,80,2012/9/7,0:00:01,2012/9/13,23:59:59,210,0,10,25,攻击敌方基地时可用地面部队兵力上限增加210,全面进攻,4200,0
412,3,22,27480,3840,80,2012/9/7,0:00:01,2012/9/13,23:59:59,220,0,10,25,攻击敌方基地时可用地面部队兵力上限增加220,全面进攻,4400,0
413,3,23,30920,4260,80,2012/9/7,0:00:01,2012/9/13,23:59:59,230,0,10,25,攻击敌方基地时可用地面部队兵力上限增加230,全面进攻,4600,0
414,3,24,34500,4700,80,2012/9/7,0:00:01,2012/9/13,23:59:59,240,0,10,25,攻击敌方基地时可用地面部队兵力上限增加240,全面进攻,4800,0
415,3,25,38250,5140,80,2012/9/7,0:00:01,2012/9/13,23:59:59,250,0,10,25,攻击敌方基地时可用地面部队兵力上限增加250,全面进攻,5000,0
416,3,26,42150,5610,80,2012/9/7,0:00:01,2012/9/13,23:59:59,260,0,10,25,攻击敌方基地时可用地面部队兵力上限增加260,全面进攻,5200,0
417,3,27,46200,6100,80,2012/9/7,0:00:01,2012/9/13,23:59:59,270,0,10,25,攻击敌方基地时可用地面部队兵力上限增加270,全面进攻,5400,0
418,3,28,50420,6680,80,2012/9/7,0:00:01,2012/9/13,23:59:59,280,0,10,25,攻击敌方基地时可用地面部队兵力上限增加280,全面进攻,5600,0
419,3,29,54780,7280,80,2012/9/7,0:00:01,2012/9/13,23:59:59,290,0,10,25,攻击敌方基地时可用地面部队兵力上限增加290,全面进攻,5800,0
420,3,30,60000,7900,80,2012/9/7,0:00:01,2012/9/13,23:59:59,300,0,10,25,攻击敌方基地时可用地面部队兵力上限增加300,全面进攻,6000,0
421,3,31,65400,8540,80,2012/9/7,0:00:01,2012/9/13,23:59:59,310,0,10,25,攻击敌方基地时可用地面部队兵力上限增加310,全面进攻,6200,0
422,3,32,70980,9200,80,2012/9/7,0:00:01,2012/9/13,23:59:59,320,0,10,25,攻击敌方基地时可用地面部队兵力上限增加320,全面进攻,6400,0
423,3,33,76740,9880,80,2012/9/7,0:00:01,2012/9/13,23:59:59,330,0,10,25,攻击敌方基地时可用地面部队兵力上限增加330,全面进攻,6600,0
424,3,34,82680,10580,80,2012/9/7,0:00:01,2012/9/13,23:59:59,340,0,10,25,攻击敌方基地时可用地面部队兵力上限增加340,全面进攻,6800,0
425,3,35,88800,11300,80,2012/9/7,0:00:01,2012/9/13,23:59:59,350,0,10,25,攻击敌方基地时可用地面部队兵力上限增加350,全面进攻,7000,0
426,3,36,95100,12040,80,2012/9/7,0:00:01,2012/9/13,23:59:59,360,0,10,25,攻击敌方基地时可用地面部队兵力上限增加360,全面进攻,7200,0
427,3,37,101580,12800,80,2012/9/7,0:00:01,2012/9/13,23:59:59,370,0,10,25,攻击敌方基地时可用地面部队兵力上限增加370,全面进攻,7400,0
428,3,38,108240,14360,80,2012/9/7,0:00:01,2012/9/13,23:59:59,380,0,10,25,攻击敌方基地时可用地面部队兵力上限增加380,全面进攻,7600,0
429,3,39,115080,15950,80,2012/9/7,0:00:01,2012/9/13,23:59:59,390,0,10,25,攻击敌方基地时可用地面部队兵力上限增加390,全面进攻,7800,0
430,3,40,129120,17600,80,2012/9/7,0:00:01,2012/9/13,23:59:59,400,0,10,25,攻击敌方基地时可用地面部队兵力上限增加400,全面进攻,8000,0
431,3,41,143520,19280,80,2012/9/7,0:00:01,2012/9/13,23:59:59,410,0,10,25,攻击敌方基地时可用地面部队兵力上限增加410,全面进攻,8200,0
432,3,42,158280,20990,80,2012/9/7,0:00:01,2012/9/13,23:59:59,420,0,10,25,攻击敌方基地时可用地面部队兵力上限增加420,全面进攻,8400,0
433,3,43,173400,30220,80,2012/9/7,0:00:01,2012/9/13,23:59:59,430,0,10,25,攻击敌方基地时可用地面部队兵力上限增加430,全面进攻,8600,0
434,3,44,188880,36960,80,2012/9/7,0:00:01,2012/9/13,23:59:59,440,0,10,25,攻击敌方基地时可用地面部队兵力上限增加440,全面进攻,8800,0
435,3,45,241680,43860,80,2012/9/7,0:00:01,2012/9/13,23:59:59,450,0,10,25,攻击敌方基地时可用地面部队兵力上限增加450,全面进攻,9000,0
436,3,46,295680,50920,80,2012/9/7,0:00:01,2012/9/13,23:59:59,460,0,10,25,攻击敌方基地时可用地面部队兵力上限增加460,全面进攻,9200,0
437,3,47,350880,58120,80,2012/9/7,0:00:01,2012/9/13,23:59:59,470,0,10,25,攻击敌方基地时可用地面部队兵力上限增加470,全面进攻,9400,0
438,3,48,407280,65460,80,2012/9/7,0:00:01,2012/9/13,23:59:59,480,0,10,25,攻击敌方基地时可用地面部队兵力上限增加480,全面进攻,9600,0
439,3,49,464880,72800,80,2012/9/7,0:00:01,2012/9/13,23:59:59,490,0,10,25,攻击敌方基地时可用地面部队兵力上限增加490,全面进攻,9800,0
440,3,50,523680,80140,80,2012/9/7,0:00:01,2012/9/13,23:59:59,500,0,10,25,攻击敌方基地时可用地面部队兵力上限增加500,全面进攻,10000,0
441,3,51,591700,88950,80,2012/9/7,0:00:01,2012/9/13,23:59:59,510,0,10,25,攻击敌方基地时可用地面部队兵力上限增加510,全面进攻,10200,0
442,3,52,668600,98740,80,2012/9/7,0:00:01,2012/9/13,23:59:59,520,0,10,25,攻击敌方基地时可用地面部队兵力上限增加520,全面进攻,10400,0
443,3,53,755600,109600,80,2012/9/7,0:00:01,2012/9/13,23:59:59,530,0,10,25,攻击敌方基地时可用地面部队兵力上限增加530,全面进攻,10600,0
444,3,54,853800,121650,80,2012/9/7,0:00:01,2012/9/13,23:59:59,540,0,10,25,攻击敌方基地时可用地面部队兵力上限增加540,全面进攻,10800,0
445,3,55,964800,135040,80,2012/9/7,0:00:01,2012/9/13,23:59:59,550,0,10,25,攻击敌方基地时可用地面部队兵力上限增加550,全面进攻,11000,0
446,3,56,1090200,149890,80,2012/9/7,0:00:01,2012/9/13,23:59:59,560,0,10,25,攻击敌方基地时可用地面部队兵力上限增加560,全面进攻,11200,0
447,3,57,1232000,166380,80,2012/9/7,0:00:01,2012/9/13,23:59:59,570,0,10,25,攻击敌方基地时可用地面部队兵力上限增加570,全面进攻,11400,0
448,3,58,1392100,184680,80,2012/9/7,0:00:01,2012/9/13,23:59:59,580,0,10,25,攻击敌方基地时可用地面部队兵力上限增加580,全面进攻,11600,0
449,3,59,1573100,205000,80,2012/9/7,0:00:01,2012/9/13,23:59:59,590,0,10,25,攻击敌方基地时可用地面部队兵力上限增加590,全面进攻,11800,0
450,3,60,1777600,227500,80,2012/9/7,0:00:01,2012/9/13,23:59:59,600,0,10,25,攻击敌方基地时可用地面部队兵力上限增加600,全面进攻,12000,0
451,3,61,1838600,250000,80,2012/9/7,0:00:01,2012/9/13,23:59:59,610,0,10,28,攻击敌方基地时可用地面部队兵力上限增加610,全面进攻,12200,25
452,3,62,1900600,272500,80,2012/9/7,0:00:01,2012/9/13,23:59:59,620,0,10,28,攻击敌方基地时可用地面部队兵力上限增加620,全面进攻,12400,50
453,3,63,1963600,295000,80,2012/9/7,0:00:01,2012/9/13,23:59:59,630,0,10,28,攻击敌方基地时可用地面部队兵力上限增加630,全面进攻,12600,75
454,3,64,2027600,317500,80,2012/9/7,0:00:01,2012/9/13,23:59:59,640,0,10,28,攻击敌方基地时可用地面部队兵力上限增加640,全面进攻,12800,100
455,3,65,2092600,340000,80,2012/9/7,0:00:01,2012/9/13,23:59:59,650,0,10,28,攻击敌方基地时可用地面部队兵力上限增加650,全面进攻,13000,125
456,3,66,2158600,362500,80,2012/9/7,0:00:01,2012/9/13,23:59:59,660,0,10,28,攻击敌方基地时可用地面部队兵力上限增加660,全面进攻,13200,150
457,3,67,2225600,385000,80,2012/9/7,0:00:01,2012/9/13,23:59:59,670,0,10,28,攻击敌方基地时可用地面部队兵力上限增加670,全面进攻,13400,175
458,3,68,2293600,407500,80,2012/9/7,0:00:01,2012/9/13,23:59:59,680,0,10,28,攻击敌方基地时可用地面部队兵力上限增加680,全面进攻,13600,200
459,3,69,2362600,430000,80,2012/9/7,0:00:01,2012/9/13,23:59:59,690,0,10,28,攻击敌方基地时可用地面部队兵力上限增加690,全面进攻,13800,225
460,3,70,2432600,452500,80,2012/9/7,0:00:01,2012/9/13,23:59:59,700,0,10,28,攻击敌方基地时可用地面部队兵力上限增加700,全面进攻,14000,250
461,3,71,2503600,475000,80,2012/9/7,0:00:01,2012/9/13,23:59:59,710,0,10,28,攻击敌方基地时可用地面部队兵力上限增加710,全面进攻,14200,275
462,3,72,2575600,497500,80,2012/9/7,0:00:01,2012/9/13,23:59:59,720,0,10,28,攻击敌方基地时可用地面部队兵力上限增加720,全面进攻,14400,300
463,3,73,2648600,520000,80,2012/9/7,0:00:01,2012/9/13,23:59:59,730,0,10,28,攻击敌方基地时可用地面部队兵力上限增加730,全面进攻,14600,325
464,3,74,2722600,542500,80,2012/9/7,0:00:01,2012/9/13,23:59:59,740,0,10,28,攻击敌方基地时可用地面部队兵力上限增加740,全面进攻,14800,350
465,3,75,2797600,565000,80,2012/9/7,0:00:01,2012/9/13,23:59:59,750,0,10,28,攻击敌方基地时可用地面部队兵力上限增加750,全面进攻,15000,375
466,3,76,2873600,587500,80,2012/9/7,0:00:01,2012/9/13,23:59:59,760,0,10,28,攻击敌方基地时可用地面部队兵力上限增加760,全面进攻,15200,400
467,3,77,2950600,610000,80,2012/9/7,0:00:01,2012/9/13,23:59:59,770,0,10,28,攻击敌方基地时可用地面部队兵力上限增加770,全面进攻,15400,425
468,3,78,3028600,632500,80,2012/9/7,0:00:01,2012/9/13,23:59:59,780,0,10,28,攻击敌方基地时可用地面部队兵力上限增加780,全面进攻,15600,450
469,3,79,3107600,655000,80,2012/9/7,0:00:01,2012/9/13,23:59:59,790,0,10,28,攻击敌方基地时可用地面部队兵力上限增加790,全面进攻,15800,475
470,3,80,3187600,677500,80,2012/9/7,0:00:01,2012/9/13,23:59:59,800,0,10,28,攻击敌方基地时可用地面部队兵力上限增加800,全面进攻,16000,500
471,8,1,380,50,80,2012/9/7,0:00:01,2012/9/13,23:59:59,5,0,1,5,被敌人获得后损失的资源减少0.5%,钢铁防御,200,0
472,8,2,450,80,80,2012/9/7,0:00:01,2012/9/13,23:59:59,10,0,1,5,被敌人获得后损失的资源减少1.0%,钢铁防御,400,0
473,8,3,600,110,80,2012/9/7,0:00:01,2012/9/13,23:59:59,15,0,1,5,被敌人获得后损失的资源减少1.5%,钢铁防御,600,0
474,8,4,830,150,80,2012/9/7,0:00:01,2012/9/13,23:59:59,20,0,1,5,被敌人获得后损失的资源减少2.0%,钢铁防御,800,0
475,8,5,1130,180,80,2012/9/7,0:00:01,2012/9/13,23:59:59,25,0,1,5,被敌人获得后损失的资源减少2.5%,钢铁防御,1000,0
476,8,6,1500,230,80,2012/9/7,0:00:01,2012/9/13,23:59:59,30,0,1,5,被敌人获得后损失的资源减少3.0%,钢铁防御,1200,0
477,8,7,1950,290,80,2012/9/7,0:00:01,2012/9/13,23:59:59,35,0,1,5,被敌人获得后损失的资源减少3.5%,钢铁防御,1400,0
478,8,8,2480,350,80,2012/9/7,0:00:01,2012/9/13,23:59:59,40,0,1,5,被敌人获得后损失的资源减少4.0%,钢铁防御,1600,0
479,8,9,3080,530,80,2012/9/7,0:00:01,2012/9/13,23:59:59,45,0,1,5,被敌人获得后损失的资源减少4.5%,钢铁防御,1800,0
480,8,10,3750,690,80,2012/9/7,0:00:01,2012/9/13,23:59:59,50,0,1,5,被敌人获得后损失的资源减少5.0%,钢铁防御,2000,0
481,8,11,5250,870,80,2012/9/7,0:00:01,2012/9/13,23:59:59,55,0,1,5,被敌人获得后损失的资源减少5.5%,钢铁防御,2200,0
482,8,12,6900,1070,80,2012/9/7,0:00:01,2012/9/13,23:59:59,60,0,1,5,被敌人获得后损失的资源减少6.0%,钢铁防御,2400,0
483,8,13,8700,1280,80,2012/9/7,0:00:01,2012/9/13,23:59:59,65,0,1,5,被敌人获得后损失的资源减少6.5%,钢铁防御,2600,0
484,8,14,10650,1500,80,2012/9/7,0:00:01,2012/9/13,23:59:59,70,0,1,5,被敌人获得后损失的资源减少7.0%,钢铁防御,2800,0
485,8,15,12750,1740,80,2012/9/7,0:00:01,2012/9/13,23:59:59,75,0,1,5,被敌人获得后损失的资源减少7.5%,钢铁防御,3000,0
486,8,16,15000,2000,80,2012/9/7,0:00:01,2012/9/13,23:59:59,80,0,1,5,被敌人获得后损失的资源减少8.0%,钢铁防御,3200,0
487,8,17,17400,2270,80,2012/9/7,0:00:01,2012/9/13,23:59:59,85,0,1,5,被敌人获得后损失的资源减少8.5%,钢铁防御,3400,0
488,8,18,19950,2940,80,2012/9/7,0:00:01,2012/9/13,23:59:59,90,0,1,5,被敌人获得后损失的资源减少9.0%,钢铁防御,3600,0
489,8,19,22650,3380,80,2012/9/7,0:00:01,2012/9/13,23:59:59,95,0,1,5,被敌人获得后损失的资源减少9.5%,钢铁防御,3800,0
490,8,20,26360,3830,80,2012/9/7,0:00:01,2012/9/13,23:59:59,100,0,1,5,被敌人获得后损失的资源减少10.0%,钢铁防御,4000,0
491,8,21,30260,4310,80,2012/9/7,0:00:01,2012/9/13,23:59:59,105,0,1,5,被敌人获得后损失的资源减少10.5%,钢铁防御,4200,0
492,8,22,34350,4800,80,2012/9/7,0:00:01,2012/9/13,23:59:59,110,0,1,5,被敌人获得后损失的资源减少11.0%,钢铁防御,4400,0
493,8,23,38640,5330,80,2012/9/7,0:00:01,2012/9/13,23:59:59,115,0,1,5,被敌人获得后损失的资源减少11.5%,钢铁防御,4600,0
494,8,24,43130,5870,80,2012/9/7,0:00:01,2012/9/13,23:59:59,120,0,1,5,被敌人获得后损失的资源减少12.0%,钢铁防御,4800,0
495,8,25,47810,6420,80,2012/9/7,0:00:01,2012/9/13,23:59:59,125,0,1,5,被敌人获得后损失的资源减少12.5%,钢铁防御,5000,0
496,8,26,52680,7010,80,2012/9/7,0:00:01,2012/9/13,23:59:59,130,0,1,5,被敌人获得后损失的资源减少13.0%,钢铁防御,5200,0
497,8,27,57750,7620,80,2012/9/7,0:00:01,2012/9/13,23:59:59,135,0,1,5,被敌人获得后损失的资源减少13.5%,钢铁防御,5400,0
498,8,28,63020,8340,80,2012/9/7,0:00:01,2012/9/13,23:59:59,140,0,1,5,被敌人获得后损失的资源减少14.0%,钢铁防御,5600,0
499,8,29,68480,9090,80,2012/9/7,0:00:01,2012/9/13,23:59:59,145,0,1,5,被敌人获得后损失的资源减少14.5%,钢铁防御,5800,0
500,8,30,75000,9870,80,2012/9/7,0:00:01,2012/9/13,23:59:59,150,0,1,5,被敌人获得后损失的资源减少15.0%,钢铁防御,6000,0
501,8,31,81750,10670,80,2012/9/7,0:00:01,2012/9/13,23:59:59,155,0,1,5,被敌人获得后损失的资源减少15.5%,钢铁防御,6200,0
502,8,32,88730,11490,80,2012/9/7,0:00:01,2012/9/13,23:59:59,160,0,1,5,被敌人获得后损失的资源减少16.0%,钢铁防御,6400,0
503,8,33,95930,12350,80,2012/9/7,0:00:01,2012/9/13,23:59:59,165,0,1,5,被敌人获得后损失的资源减少16.5%,钢铁防御,6600,0
504,8,34,103350,13220,80,2012/9/7,0:00:01,2012/9/13,23:59:59,170,0,1,5,被敌人获得后损失的资源减少17.0%,钢铁防御,6800,0
505,8,35,111000,14120,80,2012/9/7,0:00:01,2012/9/13,23:59:59,175,0,1,5,被敌人获得后损失的资源减少17.5%,钢铁防御,7000,0
506,8,36,118880,15050,80,2012/9/7,0:00:01,2012/9/13,23:59:59,180,0,1,5,被敌人获得后损失的资源减少18.0%,钢铁防御,7200,0
507,8,37,126980,15990,80,2012/9/7,0:00:01,2012/9/13,23:59:59,185,0,1,5,被敌人获得后损失的资源减少18.5%,钢铁防御,7400,0
508,8,38,135300,17940,80,2012/9/7,0:00:01,2012/9/13,23:59:59,190,0,1,5,被敌人获得后损失的资源减少19.0%,钢铁防御,7600,0
509,8,39,143850,19940,80,2012/9/7,0:00:01,2012/9/13,23:59:59,195,0,1,5,被敌人获得后损失的资源减少19.5%,钢铁防御,7800,0
510,8,40,161400,21990,80,2012/9/7,0:00:01,2012/9/13,23:59:59,200,0,1,5,被敌人获得后损失的资源减少20.0%,钢铁防御,8000,0
511,8,41,179400,24090,80,2012/9/7,0:00:01,2012/9/13,23:59:59,205,0,1,5,被敌人获得后损失的资源减少20.5%,钢铁防御,8200,0
512,8,42,197850,26240,80,2012/9/7,0:00:01,2012/9/13,23:59:59,210,0,1,5,被敌人获得后损失的资源减少21.0%,钢铁防御,8400,0
513,8,43,216750,37770,80,2012/9/7,0:00:01,2012/9/13,23:59:59,215,0,1,5,被敌人获得后损失的资源减少21.5%,钢铁防御,8600,0
514,8,44,236100,46200,80,2012/9/7,0:00:01,2012/9/13,23:59:59,220,0,1,5,被敌人获得后损失的资源减少22.0%,钢铁防御,8800,0
515,8,45,302100,54830,80,2012/9/7,0:00:01,2012/9/13,23:59:59,225,0,1,5,被敌人获得后损失的资源减少22.5%,钢铁防御,9000,0
516,8,46,369600,63650,80,2012/9/7,0:00:01,2012/9/13,23:59:59,230,0,1,5,被敌人获得后损失的资源减少23.0%,钢铁防御,9200,0
517,8,47,438600,72650,80,2012/9/7,0:00:01,2012/9/13,23:59:59,235,0,1,5,被敌人获得后损失的资源减少23.5%,钢铁防御,9400,0
518,8,48,509100,81830,80,2012/9/7,0:00:01,2012/9/13,23:59:59,240,0,1,5,被敌人获得后损失的资源减少24.0%,钢铁防御,9600,0
519,8,49,581100,91010,80,2012/9/7,0:00:01,2012/9/13,23:59:59,245,0,1,5,被敌人获得后损失的资源减少24.5%,钢铁防御,9800,0
520,8,50,654600,100190,80,2012/9/7,0:00:01,2012/9/13,23:59:59,250,0,1,5,被敌人获得后损失的资源减少25.0%,钢铁防御,10000,0
521,8,51,739600,111210,80,2012/9/7,0:00:01,2012/9/13,23:59:59,255,0,1,5,被敌人获得后损失的资源减少25.5%,钢铁防御,10200,0
522,8,52,835800,123440,80,2012/9/7,0:00:01,2012/9/13,23:59:59,260,0,1,5,被敌人获得后损失的资源减少26.0%,钢铁防御,10400,0
523,8,53,944500,137020,80,2012/9/7,0:00:01,2012/9/13,23:59:59,265,0,1,5,被敌人获得后损失的资源减少26.5%,钢铁防御,10600,0
524,8,54,1067300,152090,80,2012/9/7,0:00:01,2012/9/13,23:59:59,270,0,1,5,被敌人获得后损失的资源减少27.0%,钢铁防御,10800,0
525,8,55,1206000,168820,80,2012/9/7,0:00:01,2012/9/13,23:59:59,275,0,1,5,被敌人获得后损失的资源减少27.5%,钢铁防御,11000,0
526,8,56,1362800,187390,80,2012/9/7,0:00:01,2012/9/13,23:59:59,280,0,1,5,被敌人获得后损失的资源减少28.0%,钢铁防御,11200,0
527,8,57,1540000,208010,80,2012/9/7,0:00:01,2012/9/13,23:59:59,285,0,1,5,被敌人获得后损失的资源减少28.5%,钢铁防御,11400,0
528,8,58,1740200,230890,80,2012/9/7,0:00:01,2012/9/13,23:59:59,290,0,1,5,被敌人获得后损失的资源减少29.0%,钢铁防御,11600,0
529,8,59,1966400,256280,80,2012/9/7,0:00:01,2012/9/13,23:59:59,295,0,1,5,被敌人获得后损失的资源减少29.5%,钢铁防御,11800,0
530,8,60,2222000,284480,80,2012/9/7,0:00:01,2012/9/13,23:59:59,300,0,1,5,被敌人获得后损失的资源减少30.0%,钢铁防御,12000,0
531,8,61,2283000,312680,80,2012/9/7,0:00:01,2012/9/13,23:59:59,305,0,1,7,被敌人获得后损失的资源减少30.5%,钢铁防御,12200,25
532,8,62,2345000,340880,80,2012/9/7,0:00:01,2012/9/13,23:59:59,310,0,1,7,被敌人获得后损失的资源减少31%,钢铁防御,12400,50
533,8,63,2408000,369080,80,2012/9/7,0:00:01,2012/9/13,23:59:59,315,0,1,7,被敌人获得后损失的资源减少31.5%,钢铁防御,12600,75
534,8,64,2472000,397280,80,2012/9/7,0:00:01,2012/9/13,23:59:59,320,0,1,7,被敌人获得后损失的资源减少32%,钢铁防御,12800,100
535,8,65,2537000,425480,80,2012/9/7,0:00:01,2012/9/13,23:59:59,325,0,1,7,被敌人获得后损失的资源减少32.5%,钢铁防御,13000,125
536,8,66,2603000,453680,80,2012/9/7,0:00:01,2012/9/13,23:59:59,330,0,1,7,被敌人获得后损失的资源减少33%,钢铁防御,13200,150
537,8,67,2670000,481880,80,2012/9/7,0:00:01,2012/9/13,23:59:59,335,0,1,7,被敌人获得后损失的资源减少33.5%,钢铁防御,13400,175
538,8,68,2738000,510080,80,2012/9/7,0:00:01,2012/9/13,23:59:59,340,0,1,7,被敌人获得后损失的资源减少34%,钢铁防御,13600,200
539,8,69,2807000,538280,80,2012/9/7,0:00:01,2012/9/13,23:59:59,345,0,1,7,被敌人获得后损失的资源减少34.5%,钢铁防御,13800,225
540,8,70,2877000,566480,80,2012/9/7,0:00:01,2012/9/13,23:59:59,350,0,1,7,被敌人获得后损失的资源减少35%,钢铁防御,14000,250
541,8,71,2948000,594680,80,2012/9/7,0:00:01,2012/9/13,23:59:59,355,0,1,7,被敌人获得后损失的资源减少35.5%,钢铁防御,14200,275
542,8,72,3020000,622880,80,2012/9/7,0:00:01,2012/9/13,23:59:59,360,0,1,7,被敌人获得后损失的资源减少36%,钢铁防御,14400,300
543,8,73,3093000,651080,80,2012/9/7,0:00:01,2012/9/13,23:59:59,365,0,1,7,被敌人获得后损失的资源减少36.5%,钢铁防御,14600,325
544,8,74,3167000,679280,80,2012/9/7,0:00:01,2012/9/13,23:59:59,370,0,1,7,被敌人获得后损失的资源减少37%,钢铁防御,14800,350
545,8,75,3242000,707480,80,2012/9/7,0:00:01,2012/9/13,23:59:59,375,0,1,7,被敌人获得后损失的资源减少37.5%,钢铁防御,15000,375
546,8,76,3318000,735680,80,2012/9/7,0:00:01,2012/9/13,23:59:59,380,0,1,7,被敌人获得后损失的资源减少38%,钢铁防御,15200,400
547,8,77,3395000,763880,80,2012/9/7,0:00:01,2012/9/13,23:59:59,385,0,1,7,被敌人获得后损失的资源减少38.5%,钢铁防御,15400,425
548,8,78,3473000,792080,80,2012/9/7,0:00:01,2012/9/13,23:59:59,390,0,1,7,被敌人获得后损失的资源减少39%,钢铁防御,15600,450
549,8,79,3552000,820280,80,2012/9/7,0:00:01,2012/9/13,23:59:59,395,0,1,7,被敌人获得后损失的资源减少39.5%,钢铁防御,15800,475
550,8,80,3632000,848480,80,2012/9/7,0:00:01,2012/9/13,23:59:59,400,0,1,7,被敌人获得后损失的资源减少40%,钢铁防御,16000,500
551,6,1,300,40,80,2012/9/7,0:00:01,2012/9/13,23:59:59,3,0,2,7,被敌方进攻时敌人的进攻时间缩短3秒,闪电战,200,0
552,6,2,360,60,80,2012/9/7,0:00:01,2012/9/13,23:59:59,6,0,2,7,被敌方进攻时敌人的进攻时间缩短6秒,闪电战,400,0
553,6,3,480,90,80,2012/9/7,0:00:01,2012/9/13,23:59:59,9,0,2,7,被敌方进攻时敌人的进攻时间缩短9秒,闪电战,600,0
554,6,4,660,120,80,2012/9/7,0:00:01,2012/9/13,23:59:59,12,0,2,7,被敌方进攻时敌人的进攻时间缩短12秒,闪电战,800,0
555,6,5,900,150,80,2012/9/7,0:00:01,2012/9/13,23:59:59,15,0,2,7,被敌方进攻时敌人的进攻时间缩短15秒,闪电战,1000,0
556,6,6,1200,180,80,2012/9/7,0:00:01,2012/9/13,23:59:59,18,0,2,7,被敌方进攻时敌人的进攻时间缩短18秒,闪电战,1200,0
557,6,7,1560,230,80,2012/9/7,0:00:01,2012/9/13,23:59:59,21,0,2,7,被敌方进攻时敌人的进攻时间缩短21秒,闪电战,1400,0
558,6,8,1980,280,80,2012/9/7,0:00:01,2012/9/13,23:59:59,24,0,2,7,被敌方进攻时敌人的进攻时间缩短24秒,闪电战,1600,0
559,6,9,2460,420,80,2012/9/7,0:00:01,2012/9/13,23:59:59,27,0,2,7,被敌方进攻时敌人的进攻时间缩短27秒,闪电战,1800,0
560,6,10,3000,560,80,2012/9/7,0:00:01,2012/9/13,23:59:59,30,0,2,7,被敌方进攻时敌人的进攻时间缩短30秒,闪电战,2000,0
561,6,11,4200,700,80,2012/9/7,0:00:01,2012/9/13,23:59:59,33,0,2,7,被敌方进攻时敌人的进攻时间缩短33秒,闪电战,2200,0
562,6,12,5520,860,80,2012/9/7,0:00:01,2012/9/13,23:59:59,36,0,2,7,被敌方进攻时敌人的进攻时间缩短36秒,闪电战,2400,0
563,6,13,6960,1020,80,2012/9/7,0:00:01,2012/9/13,23:59:59,39,0,2,7,被敌方进攻时敌人的进攻时间缩短39秒,闪电战,2600,0
564,6,14,8520,1200,80,2012/9/7,0:00:01,2012/9/13,23:59:59,42,0,2,7,被敌方进攻时敌人的进攻时间缩短42秒,闪电战,2800,0
565,6,15,10200,1400,80,2012/9/7,0:00:01,2012/9/13,23:59:59,45,0,2,7,被敌方进攻时敌人的进攻时间缩短45秒,闪电战,3000,0
566,6,16,12000,1600,80,2012/9/7,0:00:01,2012/9/13,23:59:59,48,0,2,7,被敌方进攻时敌人的进攻时间缩短48秒,闪电战,3200,0
567,6,17,13920,1820,80,2012/9/7,0:00:01,2012/9/13,23:59:59,51,0,2,7,被敌方进攻时敌人的进攻时间缩短51秒,闪电战,3400,0
568,6,18,15960,2360,80,2012/9/7,0:00:01,2012/9/13,23:59:59,54,0,2,7,被敌方进攻时敌人的进攻时间缩短54秒,闪电战,3600,0
569,6,19,18120,2700,80,2012/9/7,0:00:01,2012/9/13,23:59:59,57,0,2,7,被敌方进攻时敌人的进攻时间缩短57秒,闪电战,3800,0
570,6,20,21090,3060,80,2012/9/7,0:00:01,2012/9/13,23:59:59,60,0,2,7,被敌方进攻时敌人的进攻时间缩短60秒,闪电战,4000,0
571,6,21,24210,3450,80,2012/9/7,0:00:01,2012/9/13,23:59:59,63,0,2,7,被敌方进攻时敌人的进攻时间缩短63秒,闪电战,4200,0
572,6,22,27480,3840,80,2012/9/7,0:00:01,2012/9/13,23:59:59,66,0,2,7,被敌方进攻时敌人的进攻时间缩短66秒,闪电战,4400,0
573,6,23,30920,4260,80,2012/9/7,0:00:01,2012/9/13,23:59:59,69,0,2,7,被敌方进攻时敌人的进攻时间缩短69秒,闪电战,4600,0
574,6,24,34500,4700,80,2012/9/7,0:00:01,2012/9/13,23:59:59,72,0,2,7,被敌方进攻时敌人的进攻时间缩短72秒,闪电战,4800,0
575,6,25,38250,5140,80,2012/9/7,0:00:01,2012/9/13,23:59:59,75,0,2,7,被敌方进攻时敌人的进攻时间缩短75秒,闪电战,5000,0
576,6,26,42150,5610,80,2012/9/7,0:00:01,2012/9/13,23:59:59,78,0,2,7,被敌方进攻时敌人的进攻时间缩短78秒,闪电战,5200,0
577,6,27,46200,6100,80,2012/9/7,0:00:01,2012/9/13,23:59:59,81,0,2,7,被敌方进攻时敌人的进攻时间缩短81秒,闪电战,5400,0
578,6,28,50420,6680,80,2012/9/7,0:00:01,2012/9/13,23:59:59,84,0,2,7,被敌方进攻时敌人的进攻时间缩短84秒,闪电战,5600,0
579,6,29,54780,7280,80,2012/9/7,0:00:01,2012/9/13,23:59:59,87,0,2,7,被敌方进攻时敌人的进攻时间缩短87秒,闪电战,5800,0
580,6,30,60000,7900,80,2012/9/7,0:00:01,2012/9/13,23:59:59,90,0,2,7,被敌方进攻时敌人的进攻时间缩短90秒,闪电战,6000,0
581,6,31,65400,8540,80,2012/9/7,0:00:01,2012/9/13,23:59:59,93,0,2,7,被敌方进攻时敌人的进攻时间缩短93秒,闪电战,6200,0
582,6,32,70980,9200,80,2012/9/7,0:00:01,2012/9/13,23:59:59,96,0,2,7,被敌方进攻时敌人的进攻时间缩短96秒,闪电战,6400,0
583,6,33,76740,9880,80,2012/9/7,0:00:01,2012/9/13,23:59:59,99,0,2,7,被敌方进攻时敌人的进攻时间缩短99秒,闪电战,6600,0
584,6,34,82680,10580,80,2012/9/7,0:00:01,2012/9/13,23:59:59,102,0,2,7,被敌方进攻时敌人的进攻时间缩短102秒,闪电战,6800,0
585,6,35,88800,11300,80,2012/9/7,0:00:01,2012/9/13,23:59:59,105,0,2,7,被敌方进攻时敌人的进攻时间缩短105秒,闪电战,7000,0
586,6,36,95100,12040,80,2012/9/7,0:00:01,2012/9/13,23:59:59,108,0,2,7,被敌方进攻时敌人的进攻时间缩短108秒,闪电战,7200,0
587,6,37,101580,12800,80,2012/9/7,0:00:01,2012/9/13,23:59:59,111,0,2,7,被敌方进攻时敌人的进攻时间缩短111秒,闪电战,7400,0
588,6,38,108240,14360,80,2012/9/7,0:00:01,2012/9/13,23:59:59,114,0,2,7,被敌方进攻时敌人的进攻时间缩短114秒,闪电战,7600,0
589,6,39,115080,15950,80,2012/9/7,0:00:01,2012/9/13,23:59:59,117,0,2,7,被敌方进攻时敌人的进攻时间缩短117秒,闪电战,7800,0
590,6,40,129120,17600,80,2012/9/7,0:00:01,2012/9/13,23:59:59,120,0,2,7,被敌方进攻时敌人的进攻时间缩短120秒,闪电战,8000,0
591,6,41,143520,19280,80,2012/9/7,0:00:01,2012/9/13,23:59:59,123,0,2,7,被敌方进攻时敌人的进攻时间缩短123秒,闪电战,8200,0
592,6,42,158280,20990,80,2012/9/7,0:00:01,2012/9/13,23:59:59,126,0,2,7,被敌方进攻时敌人的进攻时间缩短126秒,闪电战,8400,0
593,6,43,173400,30220,80,2012/9/7,0:00:01,2012/9/13,23:59:59,129,0,2,7,被敌方进攻时敌人的进攻时间缩短129秒,闪电战,8600,0
594,6,44,188880,36960,80,2012/9/7,0:00:01,2012/9/13,23:59:59,132,0,2,7,被敌方进攻时敌人的进攻时间缩短132秒,闪电战,8800,0
595,6,45,241680,43860,80,2012/9/7,0:00:01,2012/9/13,23:59:59,135,0,2,7,被敌方进攻时敌人的进攻时间缩短135秒,闪电战,9000,0
596,6,46,295680,50920,80,2012/9/7,0:00:01,2012/9/13,23:59:59,138,0,2,7,被敌方进攻时敌人的进攻时间缩短138秒,闪电战,9200,0
597,6,47,350880,58120,80,2012/9/7,0:00:01,2012/9/13,23:59:59,141,0,2,7,被敌方进攻时敌人的进攻时间缩短141秒,闪电战,9400,0
598,6,48,407280,65460,80,2012/9/7,0:00:01,2012/9/13,23:59:59,144,0,2,7,被敌方进攻时敌人的进攻时间缩短144秒,闪电战,9600,0
599,6,49,464880,72800,80,2012/9/7,0:00:01,2012/9/13,23:59:59,147,0,2,7,被敌方进攻时敌人的进攻时间缩短147秒,闪电战,9800,0
600,6,50,523680,80140,80,2012/9/7,0:00:01,2012/9/13,23:59:59,150,0,2,7,被敌方进攻时敌人的进攻时间缩短150秒,闪电战,10000,0
601,6,51,537384,87480,80,2012/9/7,0:00:01,2012/9/13,23:59:59,153,0,2,10,被敌方进攻时敌人的进攻时间缩短153秒,闪电战,10200,25
602,6,52,581487,94820,80,2012/9/7,0:00:01,2012/9/13,23:59:59,156,0,2,10,被敌方进攻时敌人的进攻时间缩短156秒,闪电战,10400,50
603,6,53,625591,102160,80,2012/9/7,0:00:01,2012/9/13,23:59:59,159,0,2,10,被敌方进攻时敌人的进攻时间缩短159秒,闪电战,10600,75
604,6,54,669694,109500,80,2012/9/7,0:00:01,2012/9/13,23:59:59,162,0,2,10,被敌方进攻时敌人的进攻时间缩短162秒,闪电战,10800,100
605,6,55,713797,116840,80,2012/9/7,0:00:01,2012/9/13,23:59:59,165,0,2,10,被敌方进攻时敌人的进攻时间缩短165秒,闪电战,11000,125
606,6,56,757900,124180,80,2012/9/7,0:00:01,2012/9/13,23:59:59,168,0,2,10,被敌方进攻时敌人的进攻时间缩短168秒,闪电战,11200,150
607,6,57,802004,131520,80,2012/9/7,0:00:01,2012/9/13,23:59:59,171,0,2,10,被敌方进攻时敌人的进攻时间缩短171秒,闪电战,11400,175
608,6,58,846107,138860,80,2012/9/7,0:00:01,2012/9/13,23:59:59,174,0,2,10,被敌方进攻时敌人的进攻时间缩短174秒,闪电战,11600,200
609,6,59,890210,146200,80,2012/9/7,0:00:01,2012/9/13,23:59:59,177,0,2,10,被敌方进攻时敌人的进攻时间缩短177秒,闪电战,11800,225
610,6,60,934313,153540,80,2012/9/7,0:00:01,2012/9/13,23:59:59,180,0,2,10,被敌方进攻时敌人的进攻时间缩短180秒,闪电战,12000,250
611,6,61,978417,160880,80,2012/9/7,0:00:01,2012/9/13,23:59:59,183,0,2,10,被敌方进攻时敌人的进攻时间缩短183秒,闪电战,12200,275
612,6,62,1022520,168220,80,2012/9/7,0:00:01,2012/9/13,23:59:59,186,0,2,10,被敌方进攻时敌人的进攻时间缩短186秒,闪电战,12400,300
613,6,63,1066623,175560,80,2012/9/7,0:00:01,2012/9/13,23:59:59,189,0,2,10,被敌方进攻时敌人的进攻时间缩短189秒,闪电战,12600,325
614,6,64,1110727,182900,80,2012/9/7,0:00:01,2012/9/13,23:59:59,192,0,2,10,被敌方进攻时敌人的进攻时间缩短192秒,闪电战,12800,350
615,6,65,1154830,190240,80,2012/9/7,0:00:01,2012/9/13,23:59:59,195,0,2,10,被敌方进攻时敌人的进攻时间缩短195秒,闪电战,13000,375
616,6,66,1198933,197580,80,2012/9/7,0:00:01,2012/9/13,23:59:59,198,0,2,10,被敌方进攻时敌人的进攻时间缩短198秒,闪电战,13200,400
617,6,67,1243036,204920,80,2012/9/7,0:00:01,2012/9/13,23:59:59,201,0,2,10,被敌方进攻时敌人的进攻时间缩短201秒,闪电战,13400,425
618,6,68,1287140,212260,80,2012/9/7,0:00:01,2012/9/13,23:59:59,204,0,2,10,被敌方进攻时敌人的进攻时间缩短204秒,闪电战,13600,450
619,6,69,1331243,219600,80,2012/9/7,0:00:01,2012/9/13,23:59:59,207,0,2,10,被敌方进攻时敌人的进攻时间缩短207秒,闪电战,13800,475
620,6,70,1375346,226940,80,2012/9/7,0:00:01,2012/9/13,23:59:59,210,0,2,10,被敌方进攻时敌人的进攻时间缩短210秒,闪电战,14000,500
621,12,1,300,40,80,2012/9/7,0:00:01,2012/9/13,23:59:59,5,0,4,10,增加基地中地雷的攻击0.5%,地雷战,200,0
622,12,2,360,60,80,2012/9/7,0:00:01,2012/9/13,23:59:59,10,0,4,10,增加基地中地雷的攻击1.0%,地雷战,400,0
623,12,3,480,90,80,2012/9/7,0:00:01,2012/9/13,23:59:59,15,0,4,10,增加基地中地雷的攻击1.5%,地雷战,600,0
624,12,4,660,120,80,2012/9/7,0:00:01,2012/9/13,23:59:59,20,0,4,10,增加基地中地雷的攻击2.0%,地雷战,800,0
625,12,5,900,150,80,2012/9/7,0:00:01,2012/9/13,23:59:59,25,0,4,10,增加基地中地雷的攻击2.5%,地雷战,1000,0
626,12,6,1200,180,80,2012/9/7,0:00:01,2012/9/13,23:59:59,30,0,4,10,增加基地中地雷的攻击3.0%,地雷战,1200,0
627,12,7,1560,230,80,2012/9/7,0:00:01,2012/9/13,23:59:59,35,0,4,10,增加基地中地雷的攻击3.5%,地雷战,1400,0
628,12,8,1980,280,80,2012/9/7,0:00:01,2012/9/13,23:59:59,40,0,4,10,增加基地中地雷的攻击4.0%,地雷战,1600,0
629,12,9,2460,420,80,2012/9/7,0:00:01,2012/9/13,23:59:59,45,0,4,10,增加基地中地雷的攻击4.5%,地雷战,1800,0
630,12,10,3000,560,80,2012/9/7,0:00:01,2012/9/13,23:59:59,50,0,4,10,增加基地中地雷的攻击5.0%,地雷战,2000,0
631,12,11,4200,700,80,2012/9/7,0:00:01,2012/9/13,23:59:59,55,0,4,10,增加基地中地雷的攻击5.5%,地雷战,2200,0
632,12,12,5520,860,80,2012/9/7,0:00:01,2012/9/13,23:59:59,60,0,4,10,增加基地中地雷的攻击6.0%,地雷战,2400,0
633,12,13,6960,1020,80,2012/9/7,0:00:01,2012/9/13,23:59:59,65,0,4,10,增加基地中地雷的攻击6.5%,地雷战,2600,0
634,12,14,8520,1200,80,2012/9/7,0:00:01,2012/9/13,23:59:59,70,0,4,10,增加基地中地雷的攻击7.0%,地雷战,2800,0
635,12,15,10200,1400,80,2012/9/7,0:00:01,2012/9/13,23:59:59,75,0,4,10,增加基地中地雷的攻击7.5%,地雷战,3000,0
636,12,16,12000,1600,80,2012/9/7,0:00:01,2012/9/13,23:59:59,80,0,4,10,增加基地中地雷的攻击8.0%,地雷战,3200,0
637,12,17,13920,1820,80,2012/9/7,0:00:01,2012/9/13,23:59:59,85,0,4,10,增加基地中地雷的攻击8.5%,地雷战,3400,0
638,12,18,15960,2360,80,2012/9/7,0:00:01,2012/9/13,23:59:59,90,0,4,10,增加基地中地雷的攻击9.0%,地雷战,3600,0
639,12,19,18120,2700,80,2012/9/7,0:00:01,2012/9/13,23:59:59,95,0,4,10,增加基地中地雷的攻击9.5%,地雷战,3800,0
640,12,20,21090,3060,80,2012/9/7,0:00:01,2012/9/13,23:59:59,100,0,4,10,增加基地中地雷的攻击10.0%,地雷战,4000,0
641,12,21,24210,3450,80,2012/9/7,0:00:01,2012/9/13,23:59:59,105,0,4,10,增加基地中地雷的攻击10.5%,地雷战,4200,0
642,12,22,27480,3840,80,2012/9/7,0:00:01,2012/9/13,23:59:59,110,0,4,10,增加基地中地雷的攻击11.0%,地雷战,4400,0
643,12,23,30920,4260,80,2012/9/7,0:00:01,2012/9/13,23:59:59,115,0,4,10,增加基地中地雷的攻击11.5%,地雷战,4600,0
644,12,24,34500,4700,80,2012/9/7,0:00:01,2012/9/13,23:59:59,120,0,4,10,增加基地中地雷的攻击12.0%,地雷战,4800,0
645,12,25,38250,5140,80,2012/9/7,0:00:01,2012/9/13,23:59:59,125,0,4,10,增加基地中地雷的攻击12.5%,地雷战,5000,0
646,12,26,42150,5610,80,2012/9/7,0:00:01,2012/9/13,23:59:59,130,0,4,10,增加基地中地雷的攻击13.0%,地雷战,5200,0
647,12,27,46200,6100,80,2012/9/7,0:00:01,2012/9/13,23:59:59,135,0,4,10,增加基地中地雷的攻击13.5%,地雷战,5400,0
648,12,28,50420,6680,80,2012/9/7,0:00:01,2012/9/13,23:59:59,140,0,4,10,增加基地中地雷的攻击14.0%,地雷战,5600,0
649,12,29,54780,7280,80,2012/9/7,0:00:01,2012/9/13,23:59:59,145,0,4,10,增加基地中地雷的攻击14.5%,地雷战,5800,0
650,12,30,60000,7900,80,2012/9/7,0:00:01,2012/9/13,23:59:59,150,0,4,10,增加基地中地雷的攻击15.0%,地雷战,6000,0
651,12,31,65400,8540,80,2012/9/7,0:00:01,2012/9/13,23:59:59,155,0,4,10,增加基地中地雷的攻击15.5%,地雷战,6200,0
652,12,32,70980,9200,80,2012/9/7,0:00:01,2012/9/13,23:59:59,160,0,4,10,增加基地中地雷的攻击16.0%,地雷战,6400,0
653,12,33,76740,9880,80,2012/9/7,0:00:01,2012/9/13,23:59:59,165,0,4,10,增加基地中地雷的攻击16.5%,地雷战,6600,0
654,12,34,82680,10580,80,2012/9/7,0:00:01,2012/9/13,23:59:59,170,0,4,10,增加基地中地雷的攻击17.0%,地雷战,6800,0
655,12,35,88800,11300,80,2012/9/7,0:00:01,2012/9/13,23:59:59,175,0,4,10,增加基地中地雷的攻击17.5%,地雷战,7000,0
656,12,36,95100,12040,80,2012/9/7,0:00:01,2012/9/13,23:59:59,180,0,4,10,增加基地中地雷的攻击18.0%,地雷战,7200,0
657,12,37,101580,12800,80,2012/9/7,0:00:01,2012/9/13,23:59:59,185,0,4,10,增加基地中地雷的攻击18.5%,地雷战,7400,0
658,12,38,108240,14360,80,2012/9/7,0:00:01,2012/9/13,23:59:59,190,0,4,10,增加基地中地雷的攻击19.0%,地雷战,7600,0
659,12,39,115080,15950,80,2012/9/7,0:00:01,2012/9/13,23:59:59,195,0,4,10,增加基地中地雷的攻击19.5%,地雷战,7800,0
660,12,40,129120,17600,80,2012/9/7,0:00:01,2012/9/13,23:59:59,200,0,4,10,增加基地中地雷的攻击20.0%,地雷战,8000,0
661,12,41,143520,19280,80,2012/9/7,0:00:01,2012/9/13,23:59:59,205,0,4,10,增加基地中地雷的攻击20.5%,地雷战,8200,0
662,12,42,158280,20990,80,2012/9/7,0:00:01,2012/9/13,23:59:59,210,0,4,10,增加基地中地雷的攻击21.0%,地雷战,8400,0
663,12,43,173400,30220,80,2012/9/7,0:00:01,2012/9/13,23:59:59,215,0,4,10,增加基地中地雷的攻击21.5%,地雷战,8600,0
664,12,44,188880,36960,80,2012/9/7,0:00:01,2012/9/13,23:59:59,220,0,4,10,增加基地中地雷的攻击22.0%,地雷战,8800,0
665,12,45,241680,43860,80,2012/9/7,0:00:01,2012/9/13,23:59:59,225,0,4,10,增加基地中地雷的攻击22.5%,地雷战,9000,0
666,12,46,295680,50920,80,2012/9/7,0:00:01,2012/9/13,23:59:59,230,0,4,10,增加基地中地雷的攻击23.0%,地雷战,9200,0
667,12,47,350880,58120,80,2012/9/7,0:00:01,2012/9/13,23:59:59,235,0,4,10,增加基地中地雷的攻击23.5%,地雷战,9400,0
668,12,48,407280,65460,80,2012/9/7,0:00:01,2012/9/13,23:59:59,240,0,4,10,增加基地中地雷的攻击24.0%,地雷战,9600,0
669,12,49,464880,72800,80,2012/9/7,0:00:01,2012/9/13,23:59:59,245,0,4,10,增加基地中地雷的攻击24.5%,地雷战,9800,0
670,12,50,523680,80140,80,2012/9/7,0:00:01,2012/9/13,23:59:59,250,0,4,10,增加基地中地雷的攻击25.0%,地雷战,10000,0
671,12,51,591700,88950,80,2012/9/7,0:00:01,2012/9/13,23:59:59,255,0,4,10,增加基地中地雷的攻击25.5%,地雷战,10200,0
672,12,52,668600,98740,80,2012/9/7,0:00:01,2012/9/13,23:59:59,260,0,4,10,增加基地中地雷的攻击26.0%,地雷战,10400,0
673,12,53,755600,109600,80,2012/9/7,0:00:01,2012/9/13,23:59:59,265,0,4,10,增加基地中地雷的攻击26.5%,地雷战,10600,0
674,12,54,853800,121650,80,2012/9/7,0:00:01,2012/9/13,23:59:59,270,0,4,10,增加基地中地雷的攻击27.0%,地雷战,10800,0
675,12,55,964800,135040,80,2012/9/7,0:00:01,2012/9/13,23:59:59,275,0,4,10,增加基地中地雷的攻击27.5%,地雷战,11000,0
676,12,56,1090200,149890,80,2012/9/7,0:00:01,2012/9/13,23:59:59,280,0,4,10,增加基地中地雷的攻击28.0%,地雷战,11200,0
677,12,57,1232000,166380,80,2012/9/7,0:00:01,2012/9/13,23:59:59,285,0,4,10,增加基地中地雷的攻击28.5%,地雷战,11400,0
678,12,58,1392100,184680,80,2012/9/7,0:00:01,2012/9/13,23:59:59,290,0,4,10,增加基地中地雷的攻击29.0%,地雷战,11600,0
679,12,59,1573100,205000,80,2012/9/7,0:00:01,2012/9/13,23:59:59,295,0,4,10,增加基地中地雷的攻击29.5%,地雷战,11800,0
680,12,60,1777600,227500,80,2012/9/7,0:00:01,2012/9/13,23:59:59,300,0,4,10,增加基地中地雷的攻击30.0%,地雷战,12000,0
681,12,61,1838600,250000,80,2012/9/7,0:00:01,2012/9/13,23:59:59,305,0,4,15,增加基地中地雷的攻击30.5%,地雷战,12200,25
682,12,62,1900600,272500,80,2012/9/7,0:00:01,2012/9/13,23:59:59,310,0,4,15,增加基地中地雷的攻击31%,地雷战,12400,50
683,12,63,1963600,295000,80,2012/9/7,0:00:01,2012/9/13,23:59:59,315,0,4,15,增加基地中地雷的攻击31.5%,地雷战,12600,75
684,12,64,2027600,317500,80,2012/9/7,0:00:01,2012/9/13,23:59:59,320,0,4,15,增加基地中地雷的攻击32%,地雷战,12800,100
685,12,65,2092600,340000,80,2012/9/7,0:00:01,2012/9/13,23:59:59,325,0,4,15,增加基地中地雷的攻击32.5%,地雷战,13000,125
686,12,66,2158600,362500,80,2012/9/7,0:00:01,2012/9/13,23:59:59,330,0,4,15,增加基地中地雷的攻击33%,地雷战,13200,150
687,12,67,2225600,385000,80,2012/9/7,0:00:01,2012/9/13,23:59:59,335,0,4,15,增加基地中地雷的攻击33.5%,地雷战,13400,175
688,12,68,2293600,407500,80,2012/9/7,0:00:01,2012/9/13,23:59:59,340,0,4,15,增加基地中地雷的攻击34%,地雷战,13600,200
689,12,69,2362600,430000,80,2012/9/7,0:00:01,2012/9/13,23:59:59,345,0,4,15,增加基地中地雷的攻击34.5%,地雷战,13800,225
690,12,70,2432600,452500,80,2012/9/7,0:00:01,2012/9/13,23:59:59,350,0,4,15,增加基地中地雷的攻击35%,地雷战,14000,250
691,12,71,2503600,475000,80,2012/9/7,0:00:01,2012/9/13,23:59:59,355,0,4,15,增加基地中地雷的攻击35.5%,地雷战,14200,275
692,12,72,2575600,497500,80,2012/9/7,0:00:01,2012/9/13,23:59:59,360,0,4,15,增加基地中地雷的攻击36%,地雷战,14400,300
693,12,73,2648600,520000,80,2012/9/7,0:00:01,2012/9/13,23:59:59,365,0,4,15,增加基地中地雷的攻击36.5%,地雷战,14600,325
694,12,74,2722600,542500,80,2012/9/7,0:00:01,2012/9/13,23:59:59,370,0,4,15,增加基地中地雷的攻击37%,地雷战,14800,350
695,12,75,2797600,565000,80,2012/9/7,0:00:01,2012/9/13,23:59:59,375,0,4,15,增加基地中地雷的攻击37.5%,地雷战,15000,375
696,12,76,2873600,587500,80,2012/9/7,0:00:01,2012/9/13,23:59:59,380,0,4,15,增加基地中地雷的攻击38%,地雷战,15200,400
697,12,77,2950600,610000,80,2012/9/7,0:00:01,2012/9/13,23:59:59,385,0,4,15,增加基地中地雷的攻击38.5%,地雷战,15400,425
698,12,78,3028600,632500,80,2012/9/7,0:00:01,2012/9/13,23:59:59,390,0,4,15,增加基地中地雷的攻击39%,地雷战,15600,450
699,12,79,3107600,655000,80,2012/9/7,0:00:01,2012/9/13,23:59:59,395,0,4,15,增加基地中地雷的攻击39.5%,地雷战,15800,475
700,12,80,3187600,677500,80,2012/9/7,0:00:01,2012/9/13,23:59:59,400,0,4,15,增加基地中地雷的攻击40%,地雷战,16000,500
701,11,1,150,60,80,2012/9/7,0:00:01,2012/9/13,23:59:59,5,0,6,15,增加基地中爱国者对地导弹攻击力0.5%,巡航导弹,200,0
702,11,2,260,70,80,2012/9/7,0:00:01,2012/9/13,23:59:59,10,0,6,15,增加基地中爱国者对地导弹攻击力1%,巡航导弹,400,0
703,11,3,480,90,80,2012/9/7,0:00:01,2012/9/13,23:59:59,15,0,6,15,增加基地中爱国者对地导弹攻击力1.5%,巡航导弹,600,0
704,11,4,810,120,80,2012/9/7,0:00:01,2012/9/13,23:59:59,20,0,6,15,增加基地中爱国者对地导弹攻击力2%,巡航导弹,800,0
705,11,5,1250,160,80,2012/9/7,0:00:01,2012/9/13,23:59:59,25,0,6,15,增加基地中爱国者对地导弹攻击力2.5%,巡航导弹,1000,0
706,11,6,1800,210,80,2012/9/7,0:00:01,2012/9/13,23:59:59,30,0,6,15,增加基地中爱国者对地导弹攻击力3%,巡航导弹,1200,0
707,11,7,2460,270,80,2012/9/7,0:00:01,2012/9/13,23:59:59,35,0,6,15,增加基地中爱国者对地导弹攻击力3.5%,巡航导弹,1400,0
708,11,8,3230,340,80,2012/9/7,0:00:01,2012/9/13,23:59:59,40,0,6,15,增加基地中爱国者对地导弹攻击力4%,巡航导弹,1600,0
709,11,9,4110,420,80,2012/9/7,0:00:01,2012/9/13,23:59:59,45,0,6,15,增加基地中爱国者对地导弹攻击力4.5%,巡航导弹,1800,0
710,11,10,5100,510,80,2012/9/7,0:00:01,2012/9/13,23:59:59,50,0,6,15,增加基地中爱国者对地导弹攻击力5%,巡航导弹,2000,0
711,11,11,6700,650,80,2012/9/7,0:00:01,2012/9/13,23:59:59,55,0,6,15,增加基地中爱国者对地导弹攻击力5.5%,巡航导弹,2200,0
712,11,12,8460,810,80,2012/9/7,0:00:01,2012/9/13,23:59:59,60,0,6,15,增加基地中爱国者对地导弹攻击力6%,巡航导弹,2400,0
713,11,13,10380,990,80,2012/9/7,0:00:01,2012/9/13,23:59:59,65,0,6,15,增加基地中爱国者对地导弹攻击力6.5%,巡航导弹,2600,0
714,11,14,12460,1180,80,2012/9/7,0:00:01,2012/9/13,23:59:59,70,0,6,15,增加基地中爱国者对地导弹攻击力7%,巡航导弹,2800,0
715,11,15,14700,1380,80,2012/9/7,0:00:01,2012/9/13,23:59:59,75,0,6,15,增加基地中爱国者对地导弹攻击力7.5%,巡航导弹,3000,0
716,11,16,17100,1600,80,2012/9/7,0:00:01,2012/9/13,23:59:59,80,0,6,15,增加基地中爱国者对地导弹攻击力8%,巡航导弹,3200,0
717,11,17,19660,1830,80,2012/9/7,0:00:01,2012/9/13,23:59:59,85,0,6,15,增加基地中爱国者对地导弹攻击力8.5%,巡航导弹,3400,0
718,11,18,22380,2080,80,2012/9/7,0:00:01,2012/9/13,23:59:59,90,0,6,15,增加基地中爱国者对地导弹攻击力9%,巡航导弹,3600,0
719,11,19,25260,2340,80,2012/9/7,0:00:01,2012/9/13,23:59:59,95,0,6,15,增加基地中爱国者对地导弹攻击力9.5%,巡航导弹,3800,0
720,11,20,29060,2690,80,2012/9/7,0:00:01,2012/9/13,23:59:59,100,0,6,15,增加基地中爱国者对地导弹攻击力10%,巡航导弹,4000,0
721,11,21,33060,3050,80,2012/9/7,0:00:01,2012/9/13,23:59:59,105,0,6,15,增加基地中爱国者对地导弹攻击力10.5%,巡航导弹,4200,0
722,11,22,37260,3430,80,2012/9/7,0:00:01,2012/9/13,23:59:59,110,0,6,15,增加基地中爱国者对地导弹攻击力11%,巡航导弹,4400,0
723,11,23,41660,3830,80,2012/9/7,0:00:01,2012/9/13,23:59:59,115,0,6,15,增加基地中爱国者对地导弹攻击力11.5%,巡航导弹,4600,0
724,11,24,46260,4250,80,2012/9/7,0:00:01,2012/9/13,23:59:59,120,0,6,15,增加基地中爱国者对地导弹攻击力12%,巡航导弹,4800,0
725,11,25,51060,4690,80,2012/9/7,0:00:01,2012/9/13,23:59:59,125,0,6,15,增加基地中爱国者对地导弹攻击力12.5%,巡航导弹,5000,0
726,11,26,56060,5140,80,2012/9/7,0:00:01,2012/9/13,23:59:59,130,0,6,15,增加基地中爱国者对地导弹攻击力13%,巡航导弹,5200,0
727,11,27,61260,5610,80,2012/9/7,0:00:01,2012/9/13,23:59:59,135,0,6,15,增加基地中爱国者对地导弹攻击力13.5%,巡航导弹,5400,0
728,11,28,66660,6100,80,2012/9/7,0:00:01,2012/9/13,23:59:59,140,0,6,15,增加基地中爱国者对地导弹攻击力14%,巡航导弹,5600,0
729,11,29,72260,6610,80,2012/9/7,0:00:01,2012/9/13,23:59:59,145,0,6,15,增加基地中爱国者对地导弹攻击力14.5%,巡航导弹,5800,0
730,11,30,80960,7400,80,2012/9/7,0:00:01,2012/9/13,23:59:59,150,0,6,15,增加基地中爱国者对地导弹攻击力15%,巡航导弹,6000,0
731,11,31,89960,8220,80,2012/9/7,0:00:01,2012/9/13,23:59:59,155,0,6,15,增加基地中爱国者对地导弹攻击力15.5%,巡航导弹,6200,0
732,11,32,99260,9070,80,2012/9/7,0:00:01,2012/9/13,23:59:59,160,0,6,15,增加基地中爱国者对地导弹攻击力16%,巡航导弹,6400,0
733,11,33,108860,9940,80,2012/9/7,0:00:01,2012/9/13,23:59:59,165,0,6,15,增加基地中爱国者对地导弹攻击力16.5%,巡航导弹,6600,0
734,11,34,118760,10840,80,2012/9/7,0:00:01,2012/9/13,23:59:59,170,0,6,15,增加基地中爱国者对地导弹攻击力17%,巡航导弹,6800,0
735,11,35,128960,11770,80,2012/9/7,0:00:01,2012/9/13,23:59:59,175,0,6,15,增加基地中爱国者对地导弹攻击力17.5%,巡航导弹,7000,0
736,11,36,139460,12720,80,2012/9/7,0:00:01,2012/9/13,23:59:59,180,0,6,15,增加基地中爱国者对地导弹攻击力18%,巡航导弹,7200,0
737,11,37,150260,13700,80,2012/9/7,0:00:01,2012/9/13,23:59:59,185,0,6,15,增加基地中爱国者对地导弹攻击力18.5%,巡航导弹,7400,0
738,11,38,161360,14710,80,2012/9/7,0:00:01,2012/9/13,23:59:59,190,0,6,15,增加基地中爱国者对地导弹攻击力19%,巡航导弹,7600,0
739,11,39,172760,15750,80,2012/9/7,0:00:01,2012/9/13,23:59:59,195,0,6,15,增加基地中爱国者对地导弹攻击力19.5%,巡航导弹,7800,0
740,11,40,184460,16810,80,2012/9/7,0:00:01,2012/9/13,23:59:59,200,0,6,15,增加基地中爱国者对地导弹攻击力20%,巡航导弹,8000,0
741,11,41,196460,17900,80,2012/9/7,0:00:01,2012/9/13,23:59:59,205,0,6,15,增加基地中爱国者对地导弹攻击力20.5%,巡航导弹,8200,0
742,11,42,208760,19020,80,2012/9/7,0:00:01,2012/9/13,23:59:59,210,0,6,15,增加基地中爱国者对地导弹攻击力21%,巡航导弹,8400,0
743,11,43,221360,20170,80,2012/9/7,0:00:01,2012/9/13,23:59:59,215,0,6,15,增加基地中爱国者对地导弹攻击力21.5%,巡航导弹,8600,0
744,11,44,234260,21340,80,2012/9/7,0:00:01,2012/9/13,23:59:59,220,0,6,15,增加基地中爱国者对地导弹攻击力22%,巡航导弹,8800,0
745,11,45,247460,22540,80,2012/9/7,0:00:01,2012/9/13,23:59:59,225,0,6,15,增加基地中爱国者对地导弹攻击力22.5%,巡航导弹,9000,0
746,11,46,260960,23770,80,2012/9/7,0:00:01,2012/9/13,23:59:59,230,0,6,15,增加基地中爱国者对地导弹攻击力23%,巡航导弹,9200,0
747,11,47,274760,25020,80,2012/9/7,0:00:01,2012/9/13,23:59:59,235,0,6,15,增加基地中爱国者对地导弹攻击力23.5%,巡航导弹,9400,0
748,11,48,288860,26300,80,2012/9/7,0:00:01,2012/9/13,23:59:59,240,0,6,15,增加基地中爱国者对地导弹攻击力24%,巡航导弹,9600,0
749,11,49,303260,27610,80,2012/9/7,0:00:01,2012/9/13,23:59:59,245,0,6,15,增加基地中爱国者对地导弹攻击力24.5%,巡航导弹,9800,0
750,11,50,317960,28950,80,2012/9/7,0:00:01,2012/9/13,23:59:59,250,0,6,15,增加基地中爱国者对地导弹攻击力25%,巡航导弹,10000,0
751,11,51,333800,30250,80,2012/9/7,0:00:01,2012/9/13,23:59:59,255,0,6,15,增加基地中爱国者对地导弹攻击力25.5%,巡航导弹,10200,0
752,11,52,350500,31610,80,2012/9/7,0:00:01,2012/9/13,23:59:59,260,0,6,15,增加基地中爱国者对地导弹攻击力26%,巡航导弹,10400,0
753,11,53,368000,33030,80,2012/9/7,0:00:01,2012/9/13,23:59:59,265,0,6,15,增加基地中爱国者对地导弹攻击力26.5%,巡航导弹,10600,0
754,11,54,386400,34520,80,2012/9/7,0:00:01,2012/9/13,23:59:59,270,0,6,15,增加基地中爱国者对地导弹攻击力27%,巡航导弹,10800,0
755,11,55,405800,36070,80,2012/9/7,0:00:01,2012/9/13,23:59:59,275,0,6,15,增加基地中爱国者对地导弹攻击力27.5%,巡航导弹,11000,0
756,11,56,426000,37700,80,2012/9/7,0:00:01,2012/9/13,23:59:59,280,0,6,15,增加基地中爱国者对地导弹攻击力28%,巡航导弹,11200,0
757,11,57,447400,39390,80,2012/9/7,0:00:01,2012/9/13,23:59:59,285,0,6,15,增加基地中爱国者对地导弹攻击力28.5%,巡航导弹,11400,0
758,11,58,469700,41160,80,2012/9/7,0:00:01,2012/9/13,23:59:59,290,0,6,15,增加基地中爱国者对地导弹攻击力29%,巡航导弹,11600,0
759,11,59,493200,43020,80,2012/9/7,0:00:01,2012/9/13,23:59:59,295,0,6,15,增加基地中爱国者对地导弹攻击力29.5%,巡航导弹,11800,0
760,11,60,517900,44950,80,2012/9/7,0:00:01,2012/9/13,23:59:59,300,0,6,15,增加基地中爱国者对地导弹攻击力30%,巡航导弹,12000,0
761,11,61,548400,46880,80,2012/9/7,0:00:01,2012/9/13,23:59:59,305,0,6,20,增加基地中爱国者对地导弹攻击力30.5%,巡航导弹,12200,25
762,11,62,579400,48810,80,2012/9/7,0:00:01,2012/9/13,23:59:59,310,0,6,20,增加基地中爱国者对地导弹攻击力31%,巡航导弹,12400,50
763,11,63,610900,50740,80,2012/9/7,0:00:01,2012/9/13,23:59:59,315,0,6,20,增加基地中爱国者对地导弹攻击力31.5%,巡航导弹,12600,75
764,11,64,642900,52670,80,2012/9/7,0:00:01,2012/9/13,23:59:59,320,0,6,20,增加基地中爱国者对地导弹攻击力32%,巡航导弹,12800,100
765,11,65,675400,54600,80,2012/9/7,0:00:01,2012/9/13,23:59:59,325,0,6,20,增加基地中爱国者对地导弹攻击力32.5%,巡航导弹,13000,125
766,11,66,708400,56530,80,2012/9/7,0:00:01,2012/9/13,23:59:59,330,0,6,20,增加基地中爱国者对地导弹攻击力33%,巡航导弹,13200,150
767,11,67,741900,58460,80,2012/9/7,0:00:01,2012/9/13,23:59:59,335,0,6,20,增加基地中爱国者对地导弹攻击力33.5%,巡航导弹,13400,175
768,11,68,775900,60390,80,2012/9/7,0:00:01,2012/9/13,23:59:59,340,0,6,20,增加基地中爱国者对地导弹攻击力34%,巡航导弹,13600,200
769,11,69,810400,62320,80,2012/9/7,0:00:01,2012/9/13,23:59:59,345,0,6,20,增加基地中爱国者对地导弹攻击力34.5%,巡航导弹,13800,225
770,11,70,845400,64250,80,2012/9/7,0:00:01,2012/9/13,23:59:59,350,0,6,20,增加基地中爱国者对地导弹攻击力35%,巡航导弹,14000,250
771,11,71,880900,66180,80,2012/9/7,0:00:01,2012/9/13,23:59:59,355,0,6,20,增加基地中爱国者对地导弹攻击力35.5%,巡航导弹,14200,275
772,11,72,916900,68110,80,2012/9/7,0:00:01,2012/9/13,23:59:59,360,0,6,20,增加基地中爱国者对地导弹攻击力36%,巡航导弹,14400,300
773,11,73,953400,70040,80,2012/9/7,0:00:01,2012/9/13,23:59:59,365,0,6,20,增加基地中爱国者对地导弹攻击力36.5%,巡航导弹,14600,325
774,11,74,990400,71970,80,2012/9/7,0:00:01,2012/9/13,23:59:59,370,0,6,20,增加基地中爱国者对地导弹攻击力37%,巡航导弹,14800,350
775,11,75,1027900,73900,80,2012/9/7,0:00:01,2012/9/13,23:59:59,375,0,6,20,增加基地中爱国者对地导弹攻击力37.5%,巡航导弹,15000,375
776,11,76,1065900,75830,80,2012/9/7,0:00:01,2012/9/13,23:59:59,380,0,6,20,增加基地中爱国者对地导弹攻击力38%,巡航导弹,15200,400
777,11,77,1104400,77760,80,2012/9/7,0:00:01,2012/9/13,23:59:59,385,0,6,20,增加基地中爱国者对地导弹攻击力38.5%,巡航导弹,15400,425
778,11,78,1143400,79690,80,2012/9/7,0:00:01,2012/9/13,23:59:59,390,0,6,20,增加基地中爱国者对地导弹攻击力39%,巡航导弹,15600,450
779,11,79,1182900,81620,80,2012/9/7,0:00:01,2012/9/13,23:59:59,395,0,6,20,增加基地中爱国者对地导弹攻击力39.5%,巡航导弹,15800,475
780,11,80,1222900,83550,80,2012/9/7,0:00:01,2012/9/13,23:59:59,400,0,6,20,增加基地中爱国者对地导弹攻击力40%,巡航导弹,16000,500
781,10,1,150,60,80,2012/9/7,0:00:01,2012/9/13,23:59:59,5,0,8,20,增加基地中机枪塔攻击力0.5%,机枪扫射,200,0
782,10,2,260,70,80,2012/9/7,0:00:01,2012/9/13,23:59:59,10,0,8,20,增加基地中机枪塔攻击力1%,机枪扫射,400,0
783,10,3,480,90,80,2012/9/7,0:00:01,2012/9/13,23:59:59,15,0,8,20,增加基地中机枪塔攻击力1.5%,机枪扫射,600,0
784,10,4,810,120,80,2012/9/7,0:00:01,2012/9/13,23:59:59,20,0,8,20,增加基地中机枪塔攻击力2%,机枪扫射,800,0
785,10,5,1250,160,80,2012/9/7,0:00:01,2012/9/13,23:59:59,25,0,8,20,增加基地中机枪塔攻击力2.5%,机枪扫射,1000,0
786,10,6,1800,210,80,2012/9/7,0:00:01,2012/9/13,23:59:59,30,0,8,20,增加基地中机枪塔攻击力3%,机枪扫射,1200,0
787,10,7,2460,270,80,2012/9/7,0:00:01,2012/9/13,23:59:59,35,0,8,20,增加基地中机枪塔攻击力3.5%,机枪扫射,1400,0
788,10,8,3230,340,80,2012/9/7,0:00:01,2012/9/13,23:59:59,40,0,8,20,增加基地中机枪塔攻击力4%,机枪扫射,1600,0
789,10,9,4110,420,80,2012/9/7,0:00:01,2012/9/13,23:59:59,45,0,8,20,增加基地中机枪塔攻击力4.5%,机枪扫射,1800,0
790,10,10,5100,510,80,2012/9/7,0:00:01,2012/9/13,23:59:59,50,0,8,20,增加基地中机枪塔攻击力5%,机枪扫射,2000,0
791,10,11,6700,650,80,2012/9/7,0:00:01,2012/9/13,23:59:59,55,0,8,20,增加基地中机枪塔攻击力5.5%,机枪扫射,2200,0
792,10,12,8460,810,80,2012/9/7,0:00:01,2012/9/13,23:59:59,60,0,8,20,增加基地中机枪塔攻击力6%,机枪扫射,2400,0
793,10,13,10380,990,80,2012/9/7,0:00:01,2012/9/13,23:59:59,65,0,8,20,增加基地中机枪塔攻击力6.5%,机枪扫射,2600,0
794,10,14,12460,1180,80,2012/9/7,0:00:01,2012/9/13,23:59:59,70,0,8,20,增加基地中机枪塔攻击力7%,机枪扫射,2800,0
795,10,15,14700,1380,80,2012/9/7,0:00:01,2012/9/13,23:59:59,75,0,8,20,增加基地中机枪塔攻击力7.5%,机枪扫射,3000,0
796,10,16,17100,1600,80,2012/9/7,0:00:01,2012/9/13,23:59:59,80,0,8,20,增加基地中机枪塔攻击力8%,机枪扫射,3200,0
797,10,17,19660,1830,80,2012/9/7,0:00:01,2012/9/13,23:59:59,85,0,8,20,增加基地中机枪塔攻击力8.5%,机枪扫射,3400,0
798,10,18,22380,2080,80,2012/9/7,0:00:01,2012/9/13,23:59:59,90,0,8,20,增加基地中机枪塔攻击力9%,机枪扫射,3600,0
799,10,19,25260,2340,80,2012/9/7,0:00:01,2012/9/13,23:59:59,95,0,8,20,增加基地中机枪塔攻击力9.5%,机枪扫射,3800,0
800,10,20,29060,2690,80,2012/9/7,0:00:01,2012/9/13,23:59:59,100,0,8,20,增加基地中机枪塔攻击力10%,机枪扫射,4000,0
801,10,21,33060,3050,80,2012/9/7,0:00:01,2012/9/13,23:59:59,105,0,8,20,增加基地中机枪塔攻击力10.5%,机枪扫射,4200,0
802,10,22,37260,3430,80,2012/9/7,0:00:01,2012/9/13,23:59:59,110,0,8,20,增加基地中机枪塔攻击力11%,机枪扫射,4400,0
803,10,23,41660,3830,80,2012/9/7,0:00:01,2012/9/13,23:59:59,115,0,8,20,增加基地中机枪塔攻击力11.5%,机枪扫射,4600,0
804,10,24,46260,4250,80,2012/9/7,0:00:01,2012/9/13,23:59:59,120,0,8,20,增加基地中机枪塔攻击力12%,机枪扫射,4800,0
805,10,25,51060,4690,80,2012/9/7,0:00:01,2012/9/13,23:59:59,125,0,8,20,增加基地中机枪塔攻击力12.5%,机枪扫射,5000,0
806,10,26,56060,5140,80,2012/9/7,0:00:01,2012/9/13,23:59:59,130,0,8,20,增加基地中机枪塔攻击力13%,机枪扫射,5200,0
807,10,27,61260,5610,80,2012/9/7,0:00:01,2012/9/13,23:59:59,135,0,8,20,增加基地中机枪塔攻击力13.5%,机枪扫射,5400,0
808,10,28,66660,6100,80,2012/9/7,0:00:01,2012/9/13,23:59:59,140,0,8,20,增加基地中机枪塔攻击力14%,机枪扫射,5600,0
809,10,29,72260,6610,80,2012/9/7,0:00:01,2012/9/13,23:59:59,145,0,8,20,增加基地中机枪塔攻击力14.5%,机枪扫射,5800,0
810,10,30,80960,7400,80,2012/9/7,0:00:01,2012/9/13,23:59:59,150,0,8,20,增加基地中机枪塔攻击力15%,机枪扫射,6000,0
811,10,31,89960,8220,80,2012/9/7,0:00:01,2012/9/13,23:59:59,155,0,8,20,增加基地中机枪塔攻击力15.5%,机枪扫射,6200,0
812,10,32,99260,9070,80,2012/9/7,0:00:01,2012/9/13,23:59:59,160,0,8,20,增加基地中机枪塔攻击力16%,机枪扫射,6400,0
813,10,33,108860,9940,80,2012/9/7,0:00:01,2012/9/13,23:59:59,165,0,8,20,增加基地中机枪塔攻击力16.5%,机枪扫射,6600,0
814,10,34,118760,10840,80,2012/9/7,0:00:01,2012/9/13,23:59:59,170,0,8,20,增加基地中机枪塔攻击力17%,机枪扫射,6800,0
815,10,35,128960,11770,80,2012/9/7,0:00:01,2012/9/13,23:59:59,175,0,8,20,增加基地中机枪塔攻击力17.5%,机枪扫射,7000,0
816,10,36,139460,12720,80,2012/9/7,0:00:01,2012/9/13,23:59:59,180,0,8,20,增加基地中机枪塔攻击力18%,机枪扫射,7200,0
817,10,37,150260,13700,80,2012/9/7,0:00:01,2012/9/13,23:59:59,185,0,8,20,增加基地中机枪塔攻击力18.5%,机枪扫射,7400,0
818,10,38,161360,14710,80,2012/9/7,0:00:01,2012/9/13,23:59:59,190,0,8,20,增加基地中机枪塔攻击力19%,机枪扫射,7600,0
819,10,39,172760,15750,80,2012/9/7,0:00:01,2012/9/13,23:59:59,195,0,8,20,增加基地中机枪塔攻击力19.5%,机枪扫射,7800,0
820,10,40,184460,16810,80,2012/9/7,0:00:01,2012/9/13,23:59:59,200,0,8,20,增加基地中机枪塔攻击力20%,机枪扫射,8000,0
821,10,41,196460,17900,80,2012/9/7,0:00:01,2012/9/13,23:59:59,205,0,8,20,增加基地中机枪塔攻击力20.5%,机枪扫射,8200,0
822,10,42,208760,19020,80,2012/9/7,0:00:01,2012/9/13,23:59:59,210,0,8,20,增加基地中机枪塔攻击力21%,机枪扫射,8400,0
823,10,43,221360,20170,80,2012/9/7,0:00:01,2012/9/13,23:59:59,215,0,8,20,增加基地中机枪塔攻击力21.5%,机枪扫射,8600,0
824,10,44,234260,21340,80,2012/9/7,0:00:01,2012/9/13,23:59:59,220,0,8,20,增加基地中机枪塔攻击力22%,机枪扫射,8800,0
825,10,45,247460,22540,80,2012/9/7,0:00:01,2012/9/13,23:59:59,225,0,8,20,增加基地中机枪塔攻击力22.5%,机枪扫射,9000,0
826,10,46,260960,23770,80,2012/9/7,0:00:01,2012/9/13,23:59:59,230,0,8,20,增加基地中机枪塔攻击力23%,机枪扫射,9200,0
827,10,47,274760,25020,80,2012/9/7,0:00:01,2012/9/13,23:59:59,235,0,8,20,增加基地中机枪塔攻击力23.5%,机枪扫射,9400,0
828,10,48,288860,26300,80,2012/9/7,0:00:01,2012/9/13,23:59:59,240,0,8,20,增加基地中机枪塔攻击力24%,机枪扫射,9600,0
829,10,49,303260,27610,80,2012/9/7,0:00:01,2012/9/13,23:59:59,245,0,8,20,增加基地中机枪塔攻击力24.5%,机枪扫射,9800,0
830,10,50,317960,28950,80,2012/9/7,0:00:01,2012/9/13,23:59:59,250,0,8,20,增加基地中机枪塔攻击力25%,机枪扫射,10000,0
831,10,51,333800,30250,80,2012/9/7,0:00:01,2012/9/13,23:59:59,255,0,8,20,增加基地中机枪塔攻击力25.5%,机枪扫射,10200,0
832,10,52,350500,31610,80,2012/9/7,0:00:01,2012/9/13,23:59:59,260,0,8,20,增加基地中机枪塔攻击力26%,机枪扫射,10400,0
833,10,53,368000,33030,80,2012/9/7,0:00:01,2012/9/13,23:59:59,265,0,8,20,增加基地中机枪塔攻击力26.5%,机枪扫射,10600,0
834,10,54,386400,34520,80,2012/9/7,0:00:01,2012/9/13,23:59:59,270,0,8,20,增加基地中机枪塔攻击力27%,机枪扫射,10800,0
835,10,55,405800,36070,80,2012/9/7,0:00:01,2012/9/13,23:59:59,275,0,8,20,增加基地中机枪塔攻击力27.5%,机枪扫射,11000,0
836,10,56,426000,37700,80,2012/9/7,0:00:01,2012/9/13,23:59:59,280,0,8,20,增加基地中机枪塔攻击力28%,机枪扫射,11200,0
837,10,57,447400,39390,80,2012/9/7,0:00:01,2012/9/13,23:59:59,285,0,8,20,增加基地中机枪塔攻击力28.5%,机枪扫射,11400,0
838,10,58,469700,41160,80,2012/9/7,0:00:01,2012/9/13,23:59:59,290,0,8,20,增加基地中机枪塔攻击力29%,机枪扫射,11600,0
839,10,59,493200,43020,80,2012/9/7,0:00:01,2012/9/13,23:59:59,295,0,8,20,增加基地中机枪塔攻击力29.5%,机枪扫射,11800,0
840,10,60,517900,44950,80,2012/9/7,0:00:01,2012/9/13,23:59:59,300,0,8,20,增加基地中机枪塔攻击力30%,机枪扫射,12000,0
841,10,61,548400,46833,80,2012/9/7,0:00:01,2012/9/13,23:59:59,305,0,8,25,增加基地中机枪塔攻击力30.5%,机枪扫射,12200,25
842,10,62,579400,48728,80,2012/9/7,0:00:01,2012/9/13,23:59:59,310,0,8,25,增加基地中机枪塔攻击力31%,机枪扫射,12400,50
843,10,63,610900,50623,80,2012/9/7,0:00:01,2012/9/13,23:59:59,315,0,8,25,增加基地中机枪塔攻击力31.5%,机枪扫射,12600,75
844,10,64,642900,52518,80,2012/9/7,0:00:01,2012/9/13,23:59:59,320,0,8,25,增加基地中机枪塔攻击力32%,机枪扫射,12800,100
845,10,65,675400,54413,80,2012/9/7,0:00:01,2012/9/13,23:59:59,325,0,8,25,增加基地中机枪塔攻击力32.5%,机枪扫射,13000,125
846,10,66,708400,56308,80,2012/9/7,0:00:01,2012/9/13,23:59:59,330,0,8,25,增加基地中机枪塔攻击力33%,机枪扫射,13200,150
847,10,67,741900,58203,80,2012/9/7,0:00:01,2012/9/13,23:59:59,335,0,8,25,增加基地中机枪塔攻击力33.5%,机枪扫射,13400,175
848,10,68,775900,60098,80,2012/9/7,0:00:01,2012/9/13,23:59:59,340,0,8,25,增加基地中机枪塔攻击力34%,机枪扫射,13600,200
849,10,69,810400,61993,80,2012/9/7,0:00:01,2012/9/13,23:59:59,345,0,8,25,增加基地中机枪塔攻击力34.5%,机枪扫射,13800,225
850,10,70,845400,63888,80,2012/9/7,0:00:01,2012/9/13,23:59:59,350,0,8,25,增加基地中机枪塔攻击力35%,机枪扫射,14000,250
851,10,71,880900,65783,80,2012/9/7,0:00:01,2012/9/13,23:59:59,355,0,8,25,增加基地中机枪塔攻击力35.5%,机枪扫射,14200,275
852,10,72,916900,67678,80,2012/9/7,0:00:01,2012/9/13,23:59:59,360,0,8,25,增加基地中机枪塔攻击力36%,机枪扫射,14400,300
853,10,73,953400,69573,80,2012/9/7,0:00:01,2012/9/13,23:59:59,365,0,8,25,增加基地中机枪塔攻击力36.5%,机枪扫射,14600,325
854,10,74,990400,71468,80,2012/9/7,0:00:01,2012/9/13,23:59:59,370,0,8,25,增加基地中机枪塔攻击力37%,机枪扫射,14800,350
855,10,75,1027900,73363,80,2012/9/7,0:00:01,2012/9/13,23:59:59,375,0,8,25,增加基地中机枪塔攻击力37.5%,机枪扫射,15000,375
856,10,76,1065900,75258,80,2012/9/7,0:00:01,2012/9/13,23:59:59,380,0,8,25,增加基地中机枪塔攻击力38%,机枪扫射,15200,400
857,10,77,1104400,77153,80,2012/9/7,0:00:01,2012/9/13,23:59:59,385,0,8,25,增加基地中机枪塔攻击力38.5%,机枪扫射,15400,425
858,10,78,1143400,79048,80,2012/9/7,0:00:01,2012/9/13,23:59:59,390,0,8,25,增加基地中机枪塔攻击力39%,机枪扫射,15600,450
859,10,79,1182900,80943,80,2012/9/7,0:00:01,2012/9/13,23:59:59,395,0,8,25,增加基地中机枪塔攻击力39.5%,机枪扫射,15800,475
860,10,80,1222900,82838,80,2012/9/7,0:00:01,2012/9/13,23:59:59,400,0,8,25,增加基地中机枪塔攻击力40%,机枪扫射,16000,500
861,9,1,200,-1,80,2012/9/7,0:00:01,2012/9/13,23:59:59,5,0,10,25,增加基地中建筑生命值上限0.5%,加固建筑,300,0
862,9,2,340,-1,80,2012/9/7,0:00:01,2012/9/13,23:59:59,10,0,10,25,增加基地中建筑生命值上限1.0%,加固建筑,600,0
863,9,3,620,-1,80,2012/9/7,0:00:01,2012/9/13,23:59:59,15,0,10,25,增加基地中建筑生命值上限1.5%,加固建筑,900,0
864,9,4,1040,-1,80,2012/9/7,0:00:01,2012/9/13,23:59:59,20,0,10,25,增加基地中建筑生命值上限2.0%,加固建筑,1200,0
865,9,5,1600,-1,80,2012/9/7,0:00:01,2012/9/13,23:59:59,25,0,10,25,增加基地中建筑生命值上限2.5%,加固建筑,1500,0
866,9,6,2300,-1,80,2012/9/7,0:00:01,2012/9/13,23:59:59,30,0,10,25,增加基地中建筑生命值上限3.0%,加固建筑,1800,0
867,9,7,3140,-1,80,2012/9/7,0:00:01,2012/9/13,23:59:59,35,0,10,25,增加基地中建筑生命值上限3.5%,加固建筑,2100,0
868,9,8,4120,-1,80,2012/9/7,0:00:01,2012/9/13,23:59:59,40,0,10,25,增加基地中建筑生命值上限4.0%,加固建筑,2400,0
869,9,9,5240,-1,80,2012/9/7,0:00:01,2012/9/13,23:59:59,45,0,10,25,增加基地中建筑生命值上限4.5%,加固建筑,2700,0
870,9,10,6500,-1,80,2012/9/7,0:00:01,2012/9/13,23:59:59,50,0,10,25,增加基地中建筑生命值上限5.0%,加固建筑,3000,0
871,9,11,8100,-1,80,2012/9/7,0:00:01,2012/9/13,23:59:59,55,0,10,25,增加基地中建筑生命值上限5.5%,加固建筑,3300,0
872,9,12,9860,-1,80,2012/9/7,0:00:01,2012/9/13,23:59:59,60,0,10,25,增加基地中建筑生命值上限6.0%,加固建筑,3600,0
873,9,13,11780,-1,80,2012/9/7,0:00:01,2012/9/13,23:59:59,65,0,10,25,增加基地中建筑生命值上限6.5%,加固建筑,3900,0
874,9,14,13860,-1,80,2012/9/7,0:00:01,2012/9/13,23:59:59,70,0,10,25,增加基地中建筑生命值上限7.0%,加固建筑,4200,0
875,9,15,16100,-1,80,2012/9/7,0:00:01,2012/9/13,23:59:59,75,0,10,25,增加基地中建筑生命值上限7.5%,加固建筑,4500,0
876,9,16,18500,-1,80,2012/9/7,0:00:01,2012/9/13,23:59:59,80,0,10,25,增加基地中建筑生命值上限8.0%,加固建筑,4800,0
877,9,17,21060,-1,80,2012/9/7,0:00:01,2012/9/13,23:59:59,85,0,10,25,增加基地中建筑生命值上限8.5%,加固建筑,5100,0
878,9,18,23780,-1,80,2012/9/7,0:00:01,2012/9/13,23:59:59,90,0,10,25,增加基地中建筑生命值上限9.0%,加固建筑,5400,0
879,9,19,26660,-1,80,2012/9/7,0:00:01,2012/9/13,23:59:59,95,0,10,25,增加基地中建筑生命值上限9.5%,加固建筑,5700,0
880,9,20,30460,-1,80,2012/9/7,0:00:01,2012/9/13,23:59:59,100,0,10,25,增加基地中建筑生命值上限10.0%,加固建筑,6000,0
881,9,21,34460,-1,80,2012/9/7,0:00:01,2012/9/13,23:59:59,105,0,10,25,增加基地中建筑生命值上限10.5%,加固建筑,6300,0
882,9,22,38660,-1,80,2012/9/7,0:00:01,2012/9/13,23:59:59,110,0,10,25,增加基地中建筑生命值上限11.0%,加固建筑,6600,0
883,9,23,43060,-1,80,2012/9/7,0:00:01,2012/9/13,23:59:59,115,0,10,25,增加基地中建筑生命值上限11.5%,加固建筑,6900,0
884,9,24,47660,-1,80,2012/9/7,0:00:01,2012/9/13,23:59:59,120,0,10,25,增加基地中建筑生命值上限12.0%,加固建筑,7200,0
885,9,25,52460,-1,80,2012/9/7,0:00:01,2012/9/13,23:59:59,125,0,10,25,增加基地中建筑生命值上限12.5%,加固建筑,7500,0
886,9,26,57460,-1,80,2012/9/7,0:00:01,2012/9/13,23:59:59,130,0,10,25,增加基地中建筑生命值上限13.0%,加固建筑,7800,0
887,9,27,62660,-1,80,2012/9/7,0:00:01,2012/9/13,23:59:59,135,0,10,25,增加基地中建筑生命值上限13.5%,加固建筑,8100,0
888,9,28,68060,-1,80,2012/9/7,0:00:01,2012/9/13,23:59:59,140,0,10,25,增加基地中建筑生命值上限14.0%,加固建筑,8400,0
889,9,29,73660,-1,80,2012/9/7,0:00:01,2012/9/13,23:59:59,145,0,10,25,增加基地中建筑生命值上限14.5%,加固建筑,8700,0
890,9,30,80910,-1,80,2012/9/7,0:00:01,2012/9/13,23:59:59,150,0,10,25,增加基地中建筑生命值上限15.0%,加固建筑,9000,0
891,9,31,88410,-1,80,2012/9/7,0:00:01,2012/9/13,23:59:59,155,0,10,25,增加基地中建筑生命值上限15.5%,加固建筑,9300,0
892,9,32,96160,-1,80,2012/9/7,0:00:01,2012/9/13,23:59:59,160,0,10,25,增加基地中建筑生命值上限16.0%,加固建筑,9600,0
893,9,33,104160,-1,80,2012/9/7,0:00:01,2012/9/13,23:59:59,165,0,10,25,增加基地中建筑生命值上限16.5%,加固建筑,9900,0
894,9,34,112410,-1,80,2012/9/7,0:00:01,2012/9/13,23:59:59,170,0,10,25,增加基地中建筑生命值上限17.0%,加固建筑,10200,0
895,9,35,120910,-1,80,2012/9/7,0:00:01,2012/9/13,23:59:59,175,0,10,25,增加基地中建筑生命值上限17.5%,加固建筑,10500,0
896,9,36,129660,-1,80,2012/9/7,0:00:01,2012/9/13,23:59:59,180,0,10,25,增加基地中建筑生命值上限18.0%,加固建筑,10800,0
897,9,37,138660,-1,80,2012/9/7,0:00:01,2012/9/13,23:59:59,185,0,10,25,增加基地中建筑生命值上限18.5%,加固建筑,11100,0
898,9,38,147910,-1,80,2012/9/7,0:00:01,2012/9/13,23:59:59,190,0,10,25,增加基地中建筑生命值上限19.0%,加固建筑,11400,0
899,9,39,157410,-1,80,2012/9/7,0:00:01,2012/9/13,23:59:59,195,0,10,25,增加基地中建筑生命值上限19.5%,加固建筑,11700,0
900,9,40,167160,-1,80,2012/9/7,0:00:01,2012/9/13,23:59:59,200,0,10,25,增加基地中建筑生命值上限20.0%,加固建筑,12000,0
901,9,41,177160,-1,80,2012/9/7,0:00:01,2012/9/13,23:59:59,205,0,10,25,增加基地中建筑生命值上限20.5%,加固建筑,12300,0
902,9,42,187410,-1,80,2012/9/7,0:00:01,2012/9/13,23:59:59,210,0,10,25,增加基地中建筑生命值上限21.0%,加固建筑,12600,0
903,9,43,197910,-1,80,2012/9/7,0:00:01,2012/9/13,23:59:59,215,0,10,25,增加基地中建筑生命值上限21.5%,加固建筑,12900,0
904,9,44,208660,-1,80,2012/9/7,0:00:01,2012/9/13,23:59:59,220,0,10,25,增加基地中建筑生命值上限22.0%,加固建筑,13200,0
905,9,45,219660,-1,80,2012/9/7,0:00:01,2012/9/13,23:59:59,225,0,10,25,增加基地中建筑生命值上限22.5%,加固建筑,13500,0
906,9,46,230910,-1,80,2012/9/7,0:00:01,2012/9/13,23:59:59,230,0,10,25,增加基地中建筑生命值上限23.0%,加固建筑,13800,0
907,9,47,242410,-1,80,2012/9/7,0:00:01,2012/9/13,23:59:59,235,0,10,25,增加基地中建筑生命值上限23.5%,加固建筑,14100,0
908,9,48,254160,-1,80,2012/9/7,0:00:01,2012/9/13,23:59:59,240,0,10,25,增加基地中建筑生命值上限24.0%,加固建筑,14400,0
909,9,49,266160,-1,80,2012/9/7,0:00:01,2012/9/13,23:59:59,245,0,10,25,增加基地中建筑生命值上限24.5%,加固建筑,14700,0
910,9,50,278410,-1,80,2012/9/7,0:00:01,2012/9/13,23:59:59,250,0,10,25,增加基地中建筑生命值上限25.0%,加固建筑,15000,0
911,9,51,292300,-1,80,2012/9/7,0:00:01,2012/9/13,23:59:59,255,0,10,25,增加基地中建筑生命值上限25.5%,加固建筑,15300,0
912,9,52,306900,-1,80,2012/9/7,0:00:01,2012/9/13,23:59:59,260,0,10,25,增加基地中建筑生命值上限26.0%,加固建筑,15600,0
913,9,53,322200,-1,80,2012/9/7,0:00:01,2012/9/13,23:59:59,265,0,10,25,增加基地中建筑生命值上限26.5%,加固建筑,15900,0
914,9,54,338400,-1,80,2012/9/7,0:00:01,2012/9/13,23:59:59,270,0,10,25,增加基地中建筑生命值上限27.0%,加固建筑,16200,0
915,9,55,355300,-1,80,2012/9/7,0:00:01,2012/9/13,23:59:59,275,0,10,25,增加基地中建筑生命值上限27.5%,加固建筑,16500,0
916,9,56,373000,-1,80,2012/9/7,0:00:01,2012/9/13,23:59:59,280,0,10,25,增加基地中建筑生命值上限28.0%,加固建筑,16800,0
917,9,57,391700,-1,80,2012/9/7,0:00:01,2012/9/13,23:59:59,285,0,10,25,增加基地中建筑生命值上限28.5%,加固建筑,17100,0
918,9,58,411300,-1,80,2012/9/7,0:00:01,2012/9/13,23:59:59,290,0,10,25,增加基地中建筑生命值上限29.0%,加固建筑,17400,0
919,9,59,431900,-1,80,2012/9/7,0:00:01,2012/9/13,23:59:59,295,0,10,25,增加基地中建筑生命值上限29.5%,加固建筑,17700,0
920,9,60,453500,-1,80,2012/9/7,0:00:01,2012/9/13,23:59:59,300,0,10,25,增加基地中建筑生命值上限30.0%,加固建筑,18000,0
921,9,61,484000,-1,80,2012/9/7,0:00:01,2012/9/13,23:59:59,305,0,10,28,增加基地中建筑生命值上限30.5%,加固建筑,18300,25
922,9,62,515000,-1,80,2012/9/7,0:00:01,2012/9/13,23:59:59,310,0,10,28,增加基地中建筑生命值上限31%,加固建筑,18600,50
923,9,63,546500,-1,80,2012/9/7,0:00:01,2012/9/13,23:59:59,315,0,10,28,增加基地中建筑生命值上限31.5%,加固建筑,18900,75
924,9,64,578500,-1,80,2012/9/7,0:00:01,2012/9/13,23:59:59,320,0,10,28,增加基地中建筑生命值上限32%,加固建筑,19200,100
925,9,65,611000,-1,80,2012/9/7,0:00:01,2012/9/13,23:59:59,325,0,10,28,增加基地中建筑生命值上限32.5%,加固建筑,19500,125
926,9,66,644000,-1,80,2012/9/7,0:00:01,2012/9/13,23:59:59,330,0,10,28,增加基地中建筑生命值上限33%,加固建筑,19800,150
927,9,67,677500,-1,80,2012/9/7,0:00:01,2012/9/13,23:59:59,335,0,10,28,增加基地中建筑生命值上限33.5%,加固建筑,20100,175
928,9,68,711500,-1,80,2012/9/7,0:00:01,2012/9/13,23:59:59,340,0,10,28,增加基地中建筑生命值上限34%,加固建筑,20400,200
929,9,69,746000,-1,80,2012/9/7,0:00:01,2012/9/13,23:59:59,345,0,10,28,增加基地中建筑生命值上限34.5%,加固建筑,20700,225
930,9,70,781000,-1,80,2012/9/7,0:00:01,2012/9/13,23:59:59,350,0,10,28,增加基地中建筑生命值上限35%,加固建筑,21000,250
931,9,71,816500,-1,80,2012/9/7,0:00:01,2012/9/13,23:59:59,355,0,10,28,增加基地中建筑生命值上限35.5%,加固建筑,21300,275
932,9,72,852500,-1,80,2012/9/7,0:00:01,2012/9/13,23:59:59,360,0,10,28,增加基地中建筑生命值上限36%,加固建筑,21600,300
933,9,73,889000,-1,80,2012/9/7,0:00:01,2012/9/13,23:59:59,365,0,10,28,增加基地中建筑生命值上限36.5%,加固建筑,21900,325
934,9,74,926000,-1,80,2012/9/7,0:00:01,2012/9/13,23:59:59,370,0,10,28,增加基地中建筑生命值上限37%,加固建筑,22200,350
935,9,75,963500,-1,80,2012/9/7,0:00:01,2012/9/13,23:59:59,375,0,10,28,增加基地中建筑生命值上限37.5%,加固建筑,22500,375
936,9,76,1001500,-1,80,2012/9/7,0:00:01,2012/9/13,23:59:59,380,0,10,28,增加基地中建筑生命值上限38%,加固建筑,22800,400
937,9,77,1040000,-1,80,2012/9/7,0:00:01,2012/9/13,23:59:59,385,0,10,28,增加基地中建筑生命值上限38.5%,加固建筑,23100,425
938,9,78,1079000,-1,80,2012/9/7,0:00:01,2012/9/13,23:59:59,390,0,10,28,增加基地中建筑生命值上限39%,加固建筑,23400,450
939,9,79,1118500,-1,80,2012/9/7,0:00:01,2012/9/13,23:59:59,395,0,10,28,增加基地中建筑生命值上限39.5%,加固建筑,23700,475
940,9,80,1158500,-1,80,2012/9/7,0:00:01,2012/9/13,23:59:59,400,0,10,28,增加基地中建筑生命值上限40%,加固建筑,24000,500
