INT,INT.1,INT.2,INT.3,INT.4,STRING,STRING.1,STRING.2,STRING.3,STRING.4,STRING.5,INT.5,INT.6,STRING.6,STRING.7,STRING.8,STRING.9,STRING.10,STRING.11,STRING.12
ID(id),LOCK(lock),初级NPC(JuniorNPC),中级NPC(MiddleNPC),高级NPC(SeniorNPC),开启日期(BgDay),开始时间(bgtime),结束日期(EndDay),结束时间(edtime),结算日期(OverDay),结算结束时间(overtime),挑战购买次数(ATTNum),购买次数(BuyNum),购买需要的勋章(BuyMoney),领奖截止日期(LimitRewardDay),领奖截止时间(LimitRewardTime),前端图标开启日期(BgIconDay),前端图标开启时间(BgIconTime),前端图标关闭日期(EndIconDay),前端图标关闭时间(EndIconTime)
222,1,6102,6202,6313,2020/1/1,14:00:00,2020/1/2,12:00:00,2020/1/2,13:00:00,3,3,",50,100,200",2020/1/2,23:59:59,2020/1/1,0:00:00,2020/1/2,23:58:59
223,1,6103,6203,6314,2020/1/8,14:00:00,2020/1/9,12:00:00,2020/1/9,13:00:00,3,3,",50,100,200",2020/1/9,23:59:59,2020/1/8,0:00:00,2020/1/9,23:58:59
224,1,6104,6204,6315,2020/1/15,14:00:00,2020/1/16,12:00:00,2020/1/16,13:00:00,3,3,",50,100,200",2020/1/16,23:59:59,2020/1/15,0:00:00,2020/1/16,23:58:59
225,1,6105,6205,6316,2020/1/22,14:00:00,2020/1/23,12:00:00,2020/1/23,13:00:00,3,3,",50,100,200",2020/1/23,23:59:59,2020/1/22,0:00:00,2020/1/23,23:58:59
226,1,6106,6206,6317,2020/1/29,14:00:00,2020/1/30,12:00:00,2020/1/30,13:00:00,3,3,",50,100,200",2020/1/30,23:59:59,2020/1/29,0:00:00,2020/1/30,23:58:59
227,1,6107,6207,6318,2020/2/5,14:00:00,2020/2/6,12:00:00,2020/2/6,13:00:00,3,3,",50,100,200",2020/2/6,23:59:59,2020/2/5,0:00:00,2020/2/6,23:58:59
228,1,6108,6208,6319,2020/2/12,14:00:00,2020/2/13,12:00:00,2020/2/13,13:00:00,3,3,",50,100,200",2020/2/13,23:59:59,2020/2/12,0:00:00,2020/2/13,23:58:59
229,1,6109,6209,6320,2020/2/19,14:00:00,2020/2/20,12:00:00,2020/2/20,13:00:00,3,3,",50,100,200",2020/2/20,23:59:59,2020/2/19,0:00:00,2020/2/20,23:58:59
230,1,6110,6210,6321,2020/2/26,14:00:00,2020/2/27,12:00:00,2020/2/27,13:00:00,3,3,",50,100,200",2020/2/27,23:59:59,2020/2/26,0:00:00,2020/2/27,23:58:59
231,1,6101,6201,6312,2020/3/4,14:00:00,2020/3/5,12:00:00,2020/3/5,13:00:00,3,3,",50,100,200",2020/3/5,23:59:59,2020/3/4,0:00:00,2020/3/5,23:58:59
232,1,6102,6202,6313,2020/3/11,14:00:00,2020/3/12,12:00:00,2020/3/12,13:00:00,3,3,",50,100,200",2020/3/12,23:59:59,2020/3/11,0:00:00,2020/3/12,23:58:59
233,1,6103,6203,6314,2020/3/18,14:00:00,2020/3/19,12:00:00,2020/3/19,13:00:00,3,3,",50,100,200",2020/3/19,23:59:59,2020/3/18,0:00:00,2020/3/19,23:58:59
234,1,6104,6204,6315,2020/3/25,14:00:00,2020/3/26,12:00:00,2020/3/26,13:00:00,3,3,",50,100,200",2020/3/26,23:59:59,2020/3/25,0:00:00,2020/3/26,23:58:59
235,1,6105,6205,6316,2020/4/1,14:00:00,2020/4/2,12:00:00,2020/4/2,13:00:00,3,3,",50,100,200",2020/4/2,23:59:59,2020/4/1,0:00:00,2020/4/2,23:58:59
236,1,6106,6206,6317,2020/4/8,14:00:00,2020/4/9,12:00:00,2020/4/9,13:00:00,3,3,",50,100,200",2020/4/9,23:59:59,2020/4/8,0:00:00,2020/4/9,23:58:59
237,1,6107,6207,6318,2020/4/15,14:00:00,2020/4/16,12:00:00,2020/4/16,13:00:00,3,3,",50,100,200",2020/4/16,23:59:59,2020/4/15,0:00:00,2020/4/16,23:58:59
238,1,6108,6208,6319,2020/4/22,14:00:00,2020/4/23,12:00:00,2020/4/23,13:00:00,3,3,",50,100,200",2020/4/23,23:59:59,2020/4/22,0:00:00,2020/4/23,23:58:59
239,1,6109,6209,6320,2020/4/29,14:00:00,2020/4/30,12:00:00,2020/4/30,13:00:00,3,3,",50,100,200",2020/4/30,23:59:59,2020/4/29,0:00:00,2020/4/30,23:58:59
240,1,6110,6210,6321,2020/5/6,14:00:00,2020/5/7,12:00:00,2020/5/7,13:00:00,3,3,",50,100,200",2020/5/7,23:59:59,2020/5/6,0:00:00,2020/5/7,23:58:59
241,1,6101,6201,6312,2020/5/13,14:00:00,2020/5/14,12:00:00,2020/5/14,13:00:00,3,3,",50,100,200",2020/5/14,23:59:59,2020/5/13,0:00:00,2020/5/14,23:58:59
242,1,6102,6202,6313,2020/5/20,14:00:00,2020/5/21,12:00:00,2020/5/21,13:00:00,3,3,",50,100,200",2020/5/21,23:59:59,2020/5/20,0:00:00,2020/5/21,23:58:59
243,1,6103,6203,6314,2020/5/27,14:00:00,2020/5/28,12:00:00,2020/5/28,13:00:00,3,3,",50,100,200",2020/5/28,23:59:59,2020/5/27,0:00:00,2020/5/28,23:58:59
244,1,6104,6204,6315,2020/6/3,14:00:00,2020/6/4,12:00:00,2020/6/4,13:00:00,3,3,",50,100,200",2020/6/4,23:59:59,2020/6/3,0:00:00,2020/6/4,23:58:59
245,1,6105,6205,6316,2020/6/10,14:00:00,2020/6/11,12:00:00,2020/6/11,13:00:00,3,3,",50,100,200",2020/6/11,23:59:59,2020/6/10,0:00:00,2020/6/11,23:58:59
246,1,6106,6206,6317,2020/6/17,14:00:00,2020/6/18,12:00:00,2020/6/18,13:00:00,3,3,",50,100,200",2020/6/18,23:59:59,2020/6/17,0:00:00,2020/6/18,23:58:59
247,1,6107,6207,6318,2020/6/24,14:00:00,2020/6/25,12:00:00,2020/6/25,13:00:00,3,3,",50,100,200",2020/6/25,23:59:59,2020/6/24,0:00:00,2020/6/25,23:58:59
248,1,6108,6208,6319,2020/7/1,14:00:00,2020/7/2,12:00:00,2020/7/2,13:00:00,3,3,",50,100,200",2020/7/2,23:59:59,2020/7/1,0:00:00,2020/7/2,23:58:59
249,1,6109,6209,6320,2020/7/8,14:00:00,2020/7/9,12:00:00,2020/7/9,13:00:00,3,3,",50,100,200",2020/7/9,23:59:59,2020/7/8,0:00:00,2020/7/9,23:58:59
250,1,6110,6210,6321,2020/7/15,14:00:00,2020/7/16,12:00:00,2020/7/16,13:00:00,3,3,",50,100,200",2020/7/16,23:59:59,2020/7/15,0:00:00,2020/7/16,23:58:59
251,1,6101,6201,6312,2020/7/22,14:00:00,2020/7/23,12:00:00,2020/7/23,13:00:00,3,3,",50,100,200",2020/7/23,23:59:59,2020/7/22,0:00:00,2020/7/23,23:58:59
252,1,6102,6202,6313,2020/7/29,14:00:00,2020/7/30,12:00:00,2020/7/30,13:00:00,3,3,",50,100,200",2020/7/30,23:59:59,2020/7/29,0:00:00,2020/7/30,23:58:59
253,1,6103,6203,6314,2020/8/5,14:00:00,2020/8/6,12:00:00,2020/8/6,13:00:00,3,3,",50,100,200",2020/8/6,23:59:59,2020/8/5,0:00:00,2020/8/6,23:58:59
254,1,6104,6204,6315,2020/8/12,14:00:00,2020/8/13,12:00:00,2020/8/13,13:00:00,3,3,",50,100,200",2020/8/13,23:59:59,2020/8/12,0:00:00,2020/8/13,23:58:59
255,1,6105,6205,6316,2020/8/19,14:00:00,2020/8/20,12:00:00,2020/8/20,13:00:00,3,3,",50,100,200",2020/8/20,23:59:59,2020/8/19,0:00:00,2020/8/20,23:58:59
256,1,6106,6206,6317,2020/8/26,14:00:00,2020/8/27,12:00:00,2020/8/27,13:00:00,3,3,",50,100,200",2020/8/27,23:59:59,2020/8/26,0:00:00,2020/8/27,23:58:59
257,1,6107,6207,6318,2020/9/2,14:00:00,2020/9/3,12:00:00,2020/9/3,13:00:00,3,3,",50,100,200",2020/9/3,23:59:59,2020/9/2,0:00:00,2020/9/3,23:58:59
258,1,6108,6208,6319,2020/9/9,14:00:00,2020/9/10,12:00:00,2020/9/10,13:00:00,3,3,",50,100,200",2020/9/10,23:59:59,2020/9/9,0:00:00,2020/9/10,23:58:59
259,1,6109,6209,6320,2020/9/16,14:00:00,2020/9/17,12:00:00,2020/9/17,13:00:00,3,3,",50,100,200",2020/9/17,23:59:59,2020/9/16,0:00:00,2020/9/17,23:58:59
260,1,6110,6210,6321,2020/9/23,14:00:00,2020/9/24,12:00:00,2020/9/24,13:00:00,3,3,",50,100,200",2020/9/24,23:59:59,2020/9/23,0:00:00,2020/9/24,23:58:59
261,1,6101,6201,6312,2020/9/30,14:00:00,2020/10/1,12:00:00,2020/10/1,13:00:00,3,3,",50,100,200",2020/10/1,23:59:59,2020/9/30,0:00:00,2020/10/1,23:58:59
262,1,6102,6202,6313,2020/10/7,14:00:00,2020/10/8,12:00:00,2020/10/8,13:00:00,3,3,",50,100,200",2020/10/8,23:59:59,2020/10/7,0:00:00,2020/10/8,23:58:59
263,1,6103,6203,6314,2020/10/14,14:00:00,2020/10/15,12:00:00,2020/10/15,13:00:00,3,3,",50,100,200",2020/10/15,23:59:59,2020/10/14,0:00:00,2020/10/15,23:58:59
264,1,6104,6204,6315,2020/10/21,14:00:00,2020/10/22,12:00:00,2020/10/22,13:00:00,3,3,",50,100,200",2020/10/22,23:59:59,2020/10/21,0:00:00,2020/10/22,23:58:59
265,1,6105,6205,6316,2020/10/28,14:00:00,2020/10/29,12:00:00,2020/10/29,13:00:00,3,3,",50,100,200",2020/10/29,23:59:59,2020/10/28,0:00:00,2020/10/29,23:58:59
266,1,6106,6206,6317,2020/11/4,14:00:00,2020/11/5,12:00:00,2020/11/5,13:00:00,3,3,",50,100,200",2020/11/5,23:59:59,2020/11/4,0:00:00,2020/11/5,23:58:59
267,1,6107,6207,6318,2020/11/11,14:00:00,2020/11/12,12:00:00,2020/11/12,13:00:00,3,3,",50,100,200",2020/11/12,23:59:59,2020/11/11,0:00:00,2020/11/12,23:58:59
268,1,6108,6208,6319,2020/11/18,14:00:00,2020/11/19,12:00:00,2020/11/19,13:00:00,3,3,",50,100,200",2020/11/19,23:59:59,2020/11/18,0:00:00,2020/11/19,23:58:59
269,1,6109,6209,6320,2020/11/25,14:00:00,2020/11/26,12:00:00,2020/11/26,13:00:00,3,3,",50,100,200",2020/11/26,23:59:59,2020/11/25,0:00:00,2020/11/26,23:58:59
270,1,6110,6210,6321,2020/12/2,14:00:00,2020/12/3,12:00:00,2020/12/3,13:00:00,3,3,",50,100,200",2020/12/3,23:59:59,2020/12/2,0:00:00,2020/12/3,23:58:59
271,1,6101,6201,6312,2020/12/9,14:00:00,2020/12/10,12:00:00,2020/12/10,13:00:00,3,3,",50,100,200",2020/12/10,23:59:59,2020/12/9,0:00:00,2020/12/10,23:58:59
272,1,6102,6202,6313,2020/12/16,14:00:00,2020/12/17,12:00:00,2020/12/17,13:00:00,3,3,",50,100,200",2020/12/17,23:59:59,2020/12/16,0:00:00,2020/12/17,23:58:59
273,1,6103,6203,6314,2020/12/23,14:00:00,2020/12/24,12:00:00,2020/12/24,13:00:00,3,3,",50,100,200",2020/12/24,23:59:59,2020/12/23,0:00:00,2020/12/24,23:58:59
274,1,6104,6204,6315,2020/12/30,14:00:00,2020/12/31,12:00:00,2020/12/31,13:00:00,3,3,",50,100,200",2020/12/31,23:59:59,2020/12/30,0:00:00,2020/12/31,23:58:59
275,1,6105,6205,6316,2021/1/6,14:00:00,2021/1/7,12:00:00,2021/1/7,13:00:00,3,3,",50,100,200",2021/1/7,23:59:59,2021/1/6,0:00:00,2021/1/7,23:58:59
276,1,6106,6206,6317,2021/1/13,14:00:00,2021/1/14,12:00:00,2021/1/14,13:00:00,3,3,",50,100,200",2021/1/14,23:59:59,2021/1/13,0:00:00,2021/1/14,23:58:59
277,1,6107,6207,6318,2021/1/20,14:00:00,2021/1/21,12:00:00,2021/1/21,13:00:00,3,3,",50,100,200",2021/1/21,23:59:59,2021/1/20,0:00:00,2021/1/21,23:58:59
278,1,6108,6208,6319,2021/1/27,14:00:00,2021/1/28,12:00:00,2021/1/28,13:00:00,3,3,",50,100,200",2021/1/28,23:59:59,2021/1/27,0:00:00,2021/1/28,23:58:59
279,1,6109,6209,6320,2021/2/3,14:00:00,2021/2/4,12:00:00,2021/2/4,13:00:00,3,3,",50,100,200",2021/2/4,23:59:59,2021/2/3,0:00:00,2021/2/4,23:58:59
280,1,6110,6210,6321,2021/2/10,14:00:00,2021/2/11,12:00:00,2021/2/11,13:00:00,3,3,",50,100,200",2021/2/11,23:59:59,2021/2/10,0:00:00,2021/2/11,23:58:59
281,1,6101,6201,6312,2021/2/17,14:00:00,2021/2/18,12:00:00,2021/2/18,13:00:00,3,3,",50,100,200",2021/2/18,23:59:59,2021/2/17,0:00:00,2021/2/18,23:58:59
282,1,6102,6202,6313,2021/2/24,14:00:00,2021/2/25,12:00:00,2021/2/25,13:00:00,3,3,",50,100,200",2021/2/25,23:59:59,2021/2/24,0:00:00,2021/2/25,23:58:59
283,1,6103,6203,6314,2021/3/3,14:00:00,2021/3/4,12:00:00,2021/3/4,13:00:00,3,3,",50,100,200",2021/3/4,23:59:59,2021/3/3,0:00:00,2021/3/4,23:58:59
284,1,6104,6204,6315,2021/3/10,14:00:00,2021/3/11,12:00:00,2021/3/11,13:00:00,3,3,",50,100,200",2021/3/11,23:59:59,2021/3/10,0:00:00,2021/3/11,23:58:59
285,1,6105,6205,6316,2021/3/17,14:00:00,2021/3/18,12:00:00,2021/3/18,13:00:00,3,3,",50,100,200",2021/3/18,23:59:59,2021/3/17,0:00:00,2021/3/18,23:58:59
286,1,6106,6206,6317,2021/3/24,14:00:00,2021/3/25,12:00:00,2021/3/25,13:00:00,3,3,",50,100,200",2021/3/25,23:59:59,2021/3/24,0:00:00,2021/3/25,23:58:59
287,1,6107,6207,6318,2021/3/31,14:00:00,2021/4/1,12:00:00,2021/4/1,13:00:00,3,3,",50,100,200",2021/4/1,23:59:59,2021/3/31,0:00:00,2021/4/1,23:58:59
288,1,6108,6208,6319,2021/4/7,14:00:00,2021/4/8,12:00:00,2021/4/8,13:00:00,3,3,",50,100,200",2021/4/8,23:59:59,2021/4/7,0:00:00,2021/4/8,23:58:59
289,1,6109,6209,6320,2021/4/14,14:00:00,2021/4/15,12:00:00,2021/4/15,13:00:00,3,3,",50,100,200",2021/4/15,23:59:59,2021/4/14,0:00:00,2021/4/15,23:58:59
290,1,6110,6210,6321,2021/4/21,14:00:00,2021/4/22,12:00:00,2021/4/22,13:00:00,3,3,",50,100,200",2021/4/22,23:59:59,2021/4/21,0:00:00,2021/4/22,23:58:59
291,1,6101,6201,6312,2021/4/28,14:00:00,2021/4/29,12:00:00,2021/4/29,13:00:00,3,3,",50,100,200",2021/4/29,23:59:59,2021/4/28,0:00:00,2021/4/29,23:58:59
292,1,6102,6202,6313,2021/5/5,14:00:00,2021/5/6,12:00:00,2021/5/6,13:00:00,3,3,",50,100,200",2021/5/6,23:59:59,2021/5/5,0:00:00,2021/5/6,23:58:59
293,1,6103,6203,6314,2021/5/12,14:00:00,2021/5/13,12:00:00,2021/5/13,13:00:00,3,3,",50,100,200",2021/5/13,23:59:59,2021/5/12,0:00:00,2021/5/13,23:58:59
294,1,6104,6204,6315,2021/5/19,14:00:00,2021/5/20,12:00:00,2021/5/20,13:00:00,3,3,",50,100,200",2021/5/20,23:59:59,2021/5/19,0:00:00,2021/5/20,23:58:59
295,1,6105,6205,6316,2021/5/26,14:00:00,2021/5/27,12:00:00,2021/5/27,13:00:00,3,3,",50,100,200",2021/5/27,23:59:59,2021/5/26,0:00:00,2021/5/27,23:58:59
296,1,6106,6206,6317,2021/6/2,14:00:00,2021/6/3,12:00:00,2021/6/3,13:00:00,3,3,",50,100,200",2021/6/3,23:59:59,2021/6/2,0:00:00,2021/6/3,23:58:59
297,1,6107,6207,6318,2021/6/9,14:00:00,2021/6/10,12:00:00,2021/6/10,13:00:00,3,3,",50,100,200",2021/6/10,23:59:59,2021/6/9,0:00:00,2021/6/10,23:58:59
298,1,6108,6208,6319,2021/6/16,14:00:00,2021/6/17,12:00:00,2021/6/17,13:00:00,3,3,",50,100,200",2021/6/17,23:59:59,2021/6/16,0:00:00,2021/6/17,23:58:59
299,1,6109,6209,6320,2021/6/23,14:00:00,2021/6/24,12:00:00,2021/6/24,13:00:00,3,3,",50,100,200",2021/6/24,23:59:59,2021/6/23,0:00:00,2021/6/24,23:58:59
300,1,6110,6210,6321,2021/6/30,14:00:00,2021/7/1,12:00:00,2021/7/1,13:00:00,3,3,",50,100,200",2021/7/1,23:59:59,2021/6/30,0:00:00,2021/7/1,23:58:59
301,1,6101,6201,6312,2021/7/7,14:00:00,2021/7/8,12:00:00,2021/7/8,13:00:00,3,3,",50,100,200",2021/7/8,23:59:59,2021/7/7,0:00:00,2021/7/8,23:58:59
302,1,6102,6202,6313,2021/7/14,14:00:00,2021/7/15,12:00:00,2021/7/15,13:00:00,3,3,",50,100,200",2021/7/15,23:59:59,2021/7/14,0:00:00,2021/7/15,23:58:59
303,1,6103,6203,6314,2021/7/21,14:00:00,2021/7/22,12:00:00,2021/7/22,13:00:00,3,3,",50,100,200",2021/7/22,23:59:59,2021/7/21,0:00:00,2021/7/22,23:58:59
304,1,6104,6204,6315,2021/7/28,14:00:00,2021/7/29,12:00:00,2021/7/29,13:00:00,3,3,",50,100,200",2021/7/29,23:59:59,2021/7/28,0:00:00,2021/7/29,23:58:59
305,1,6105,6205,6316,2021/8/4,14:00:00,2021/8/5,12:00:00,2021/8/5,13:00:00,3,3,",50,100,200",2021/8/5,23:59:59,2021/8/4,0:00:00,2021/8/5,23:58:59
306,1,6106,6206,6317,2021/8/11,14:00:00,2021/8/12,12:00:00,2021/8/12,13:00:00,3,3,",50,100,200",2021/8/12,23:59:59,2021/8/11,0:00:00,2021/8/12,23:58:59
307,1,6107,6207,6318,2021/8/18,14:00:00,2021/8/19,12:00:00,2021/8/19,13:00:00,3,3,",50,100,200",2021/8/19,23:59:59,2021/8/18,0:00:00,2021/8/19,23:58:59
308,1,6108,6208,6319,2021/8/25,14:00:00,2021/8/26,12:00:00,2021/8/26,13:00:00,3,3,",50,100,200",2021/8/26,23:59:59,2021/8/25,0:00:00,2021/8/26,23:58:59
309,1,6109,6209,6320,2021/9/1,14:00:00,2021/9/2,12:00:00,2021/9/2,13:00:00,3,3,",50,100,200",2021/9/2,23:59:59,2021/9/1,0:00:00,2021/9/2,23:58:59
310,1,6110,6210,6321,2021/9/8,14:00:00,2021/9/9,12:00:00,2021/9/9,13:00:00,3,3,",50,100,200",2021/9/9,23:59:59,2021/9/8,0:00:00,2021/9/9,23:58:59
311,1,6101,6201,6312,2021/9/15,14:00:00,2021/9/16,12:00:00,2021/9/16,13:00:00,3,3,",50,100,200",2021/9/16,23:59:59,2021/9/15,0:00:00,2021/9/16,23:58:59
312,1,6102,6202,6313,2021/9/22,14:00:00,2021/9/23,12:00:00,2021/9/23,13:00:00,3,3,",50,100,200",2021/9/23,23:59:59,2021/9/22,0:00:00,2021/9/23,23:58:59
313,1,6103,6203,6314,2021/9/29,14:00:00,2021/9/30,12:00:00,2021/9/30,13:00:00,3,3,",50,100,200",2021/9/30,23:59:59,2021/9/29,0:00:00,2021/9/30,23:58:59
314,1,6104,6204,6315,2021/10/6,14:00:00,2021/10/7,12:00:00,2021/10/7,13:00:00,3,3,",50,100,200",2021/10/7,23:59:59,2021/10/6,0:00:00,2021/10/7,23:58:59
315,1,6105,6205,6316,2021/10/13,14:00:00,2021/10/14,12:00:00,2021/10/14,13:00:00,3,3,",50,100,200",2021/10/14,23:59:59,2021/10/13,0:00:00,2021/10/14,23:58:59
316,1,6106,6206,6317,2021/10/20,14:00:00,2021/10/21,12:00:00,2021/10/21,13:00:00,3,3,",50,100,200",2021/10/21,23:59:59,2021/10/20,0:00:00,2021/10/21,23:58:59
317,1,6107,6207,6318,2021/10/27,14:00:00,2021/10/28,12:00:00,2021/10/28,13:00:00,3,3,",50,100,200",2021/10/28,23:59:59,2021/10/27,0:00:00,2021/10/28,23:58:59
318,1,6108,6208,6319,2021/11/3,14:00:00,2021/11/4,12:00:00,2021/11/4,13:00:00,3,3,",50,100,200",2021/11/4,23:59:59,2021/11/3,0:00:00,2021/11/4,23:58:59
319,1,6109,6209,6320,2021/11/10,14:00:00,2021/11/11,12:00:00,2021/11/11,13:00:00,3,3,",50,100,200",2021/11/11,23:59:59,2021/11/10,0:00:00,2021/11/11,23:58:59
320,1,6110,6210,6321,2021/11/17,14:00:00,2021/11/18,12:00:00,2021/11/18,13:00:00,3,3,",50,100,200",2021/11/18,23:59:59,2021/11/17,0:00:00,2021/11/18,23:58:59
321,1,6101,6201,6312,2021/11/24,14:00:00,2021/11/25,12:00:00,2021/11/25,13:00:00,3,3,",50,100,200",2021/11/25,23:59:59,2021/11/24,0:00:00,2021/11/25,23:58:59
322,1,6102,6202,6313,2021/12/1,14:00:00,2021/12/2,12:00:00,2021/12/2,13:00:00,3,3,",50,100,200",2021/12/2,23:59:59,2021/12/1,0:00:00,2021/12/2,23:58:59
323,1,6103,6203,6314,2021/12/8,14:00:00,2021/12/9,12:00:00,2021/12/9,13:00:00,3,3,",50,100,200",2021/12/9,23:59:59,2021/12/8,0:00:00,2021/12/9,23:58:59
324,1,6104,6204,6315,2021/12/15,14:00:00,2021/12/16,12:00:00,2021/12/16,13:00:00,3,3,",50,100,200",2021/12/16,23:59:59,2021/12/15,0:00:00,2021/12/16,23:58:59
325,1,6105,6205,6316,2021/12/22,14:00:00,2021/12/23,12:00:00,2021/12/23,13:00:00,3,3,",50,100,200",2021/12/23,23:59:59,2021/12/22,0:00:00,2021/12/23,23:58:59
326,1,6106,6206,6317,2021/12/29,14:00:00,2021/12/30,12:00:00,2021/12/30,13:00:00,3,3,",50,100,200",2021/12/30,23:59:59,2021/12/29,0:00:00,2021/12/30,23:58:59
327,1,6107,6207,6318,2022/1/5,14:00:00,2022/1/6,12:00:00,2022/1/6,13:00:00,3,3,",50,100,200",2022/1/6,23:59:59,2022/1/5,0:00:00,2022/1/6,23:58:59
328,1,6108,6208,6319,2022/1/12,14:00:00,2022/1/13,12:00:00,2022/1/13,13:00:00,3,3,",50,100,200",2022/1/13,23:59:59,2022/1/12,0:00:00,2022/1/13,23:58:59
329,1,6109,6209,6320,2022/1/19,14:00:00,2022/1/20,12:00:00,2022/1/20,13:00:00,3,3,",50,100,200",2022/1/20,23:59:59,2022/1/19,0:00:00,2022/1/20,23:58:59
330,1,6110,6210,6321,2022/1/26,14:00:00,2022/1/27,12:00:00,2022/1/27,13:00:00,3,3,",50,100,200",2022/1/27,23:59:59,2022/1/26,0:00:00,2022/1/27,23:58:59
331,1,6101,6201,6312,2022/2/2,14:00:00,2022/2/3,12:00:00,2022/2/3,13:00:00,3,3,",50,100,200",2022/2/3,23:59:59,2022/2/2,0:00:00,2022/2/3,23:58:59
332,1,6102,6202,6313,2022/2/9,14:00:00,2022/2/10,12:00:00,2022/2/10,13:00:00,3,3,",50,100,200",2022/2/10,23:59:59,2022/2/9,0:00:00,2022/2/10,23:58:59
333,1,6103,6203,6314,2022/2/16,14:00:00,2022/2/17,12:00:00,2022/2/17,13:00:00,3,3,",50,100,200",2022/2/17,23:59:59,2022/2/16,0:00:00,2022/2/17,23:58:59
334,1,6104,6204,6315,2022/2/23,14:00:00,2022/2/24,12:00:00,2022/2/24,13:00:00,3,3,",50,100,200",2022/2/24,23:59:59,2022/2/23,0:00:00,2022/2/24,23:58:59
335,1,6105,6205,6316,2022/3/2,14:00:00,2022/3/3,12:00:00,2022/3/3,13:00:00,3,3,",50,100,200",2022/3/3,23:59:59,2022/3/2,0:00:00,2022/3/3,23:58:59
336,1,6106,6206,6317,2022/3/9,14:00:00,2022/3/10,12:00:00,2022/3/10,13:00:00,3,3,",50,100,200",2022/3/10,23:59:59,2022/3/9,0:00:00,2022/3/10,23:58:59
337,1,6107,6207,6318,2022/3/16,14:00:00,2022/3/17,12:00:00,2022/3/17,13:00:00,3,3,",50,100,200",2022/3/17,23:59:59,2022/3/16,0:00:00,2022/3/17,23:58:59
338,1,6108,6208,6319,2022/3/23,14:00:00,2022/3/24,12:00:00,2022/3/24,13:00:00,3,3,",50,100,200",2022/3/24,23:59:59,2022/3/23,0:00:00,2022/3/24,23:58:59
339,1,6109,6209,6320,2022/3/30,14:00:00,2022/3/31,12:00:00,2022/3/31,13:00:00,3,3,",50,100,200",2022/3/31,23:59:59,2022/3/30,0:00:00,2022/3/31,23:58:59
340,1,6110,6210,6321,2022/4/6,14:00:00,2022/4/7,12:00:00,2022/4/7,13:00:00,3,3,",50,100,200",2022/4/7,23:59:59,2022/4/6,0:00:00,2022/4/7,23:58:59
341,1,6101,6201,6312,2022/4/13,14:00:00,2022/4/14,12:00:00,2022/4/14,13:00:00,3,3,",50,100,200",2022/4/14,23:59:59,2022/4/13,0:00:00,2022/4/14,23:58:59
342,1,6102,6202,6313,2022/4/20,14:00:00,2022/4/21,12:00:00,2022/4/21,13:00:00,3,3,",50,100,200",2022/4/21,23:59:59,2022/4/20,0:00:00,2022/4/21,23:58:59
343,1,6103,6203,6314,2022/4/27,14:00:00,2022/4/28,12:00:00,2022/4/28,13:00:00,3,3,",50,100,200",2022/4/28,23:59:59,2022/4/27,0:00:00,2022/4/28,23:58:59
344,1,6104,6204,6315,2022/5/4,14:00:00,2022/5/5,12:00:00,2022/5/5,13:00:00,3,3,",50,100,200",2022/5/5,23:59:59,2022/5/4,0:00:00,2022/5/5,23:58:59
345,1,6105,6205,6316,2022/5/11,14:00:00,2022/5/12,12:00:00,2022/5/12,13:00:00,3,3,",50,100,200",2022/5/12,23:59:59,2022/5/11,0:00:00,2022/5/12,23:58:59
346,1,6106,6206,6317,2022/5/18,14:00:00,2022/5/19,12:00:00,2022/5/19,13:00:00,3,3,",50,100,200",2022/5/19,23:59:59,2022/5/18,0:00:00,2022/5/19,23:58:59
347,1,6107,6207,6318,2022/5/25,14:00:00,2022/5/26,12:00:00,2022/5/26,13:00:00,3,3,",50,100,200",2022/5/26,23:59:59,2022/5/25,0:00:00,2022/5/26,23:58:59
348,1,6108,6208,6319,2022/6/1,14:00:00,2022/6/2,12:00:00,2022/6/2,13:00:00,3,3,",50,100,200",2022/6/2,23:59:59,2022/6/1,0:00:00,2022/6/2,23:58:59
349,1,6109,6209,6320,2022/6/8,14:00:00,2022/6/9,12:00:00,2022/6/9,13:00:00,3,3,",50,100,200",2022/6/9,23:59:59,2022/6/8,0:00:00,2022/6/9,23:58:59
350,1,6110,6210,6321,2022/6/15,14:00:00,2022/6/16,12:00:00,2022/6/16,13:00:00,3,3,",50,100,200",2022/6/16,23:59:59,2022/6/15,0:00:00,2022/6/16,23:58:59
351,1,6101,6201,6312,2022/6/22,14:00:00,2022/6/23,12:00:00,2022/6/23,13:00:00,3,3,",50,100,200",2022/6/23,23:59:59,2022/6/22,0:00:00,2022/6/23,23:58:59
352,1,6102,6202,6313,2022/6/29,14:00:00,2022/6/30,12:00:00,2022/6/30,13:00:00,3,3,",50,100,200",2022/6/30,23:59:59,2022/6/29,0:00:00,2022/6/30,23:58:59
353,1,6103,6203,6314,2022/7/6,14:00:00,2022/7/7,12:00:00,2022/7/7,13:00:00,3,3,",50,100,200",2022/7/7,23:59:59,2022/7/6,0:00:00,2022/7/7,23:58:59
354,1,6104,6204,6315,2022/7/13,14:00:00,2022/7/14,12:00:00,2022/7/14,13:00:00,3,3,",50,100,200",2022/7/14,23:59:59,2022/7/13,0:00:00,2022/7/14,23:58:59
355,1,6105,6205,6316,2022/7/20,14:00:00,2022/7/21,12:00:00,2022/7/21,13:00:00,3,3,",50,100,200",2022/7/21,23:59:59,2022/7/20,0:00:00,2022/7/21,23:58:59
356,1,6106,6206,6317,2022/7/27,14:00:00,2022/7/28,12:00:00,2022/7/28,13:00:00,3,3,",50,100,200",2022/7/28,23:59:59,2022/7/27,0:00:00,2022/7/28,23:58:59
357,1,6107,6207,6318,2022/8/3,14:00:00,2022/8/4,12:00:00,2022/8/4,13:00:00,3,3,",50,100,200",2022/8/4,23:59:59,2022/8/3,0:00:00,2022/8/4,23:58:59
358,1,6108,6208,6319,2022/8/10,14:00:00,2022/8/11,12:00:00,2022/8/11,13:00:00,3,3,",50,100,200",2022/8/11,23:59:59,2022/8/10,0:00:00,2022/8/11,23:58:59
359,1,6109,6209,6320,2022/8/17,14:00:00,2022/8/18,12:00:00,2022/8/18,13:00:00,3,3,",50,100,200",2022/8/18,23:59:59,2022/8/17,0:00:00,2022/8/18,23:58:59
360,1,6110,6210,6321,2022/8/24,14:00:00,2022/8/25,12:00:00,2022/8/25,13:00:00,3,3,",50,100,200",2022/8/25,23:59:59,2022/8/24,0:00:00,2022/8/25,23:58:59
361,1,6101,6201,6312,2022/8/31,14:00:00,2022/9/1,12:00:00,2022/9/1,13:00:00,3,3,",50,100,200",2022/9/1,23:59:59,2022/8/31,0:00:00,2022/9/1,23:58:59
362,1,6102,6202,6313,2022/9/7,14:00:00,2022/9/8,12:00:00,2022/9/8,13:00:00,3,3,",50,100,200",2022/9/8,23:59:59,2022/9/7,0:00:00,2022/9/8,23:58:59
363,1,6103,6203,6314,2022/9/14,14:00:00,2022/9/15,12:00:00,2022/9/15,13:00:00,3,3,",50,100,200",2022/9/15,23:59:59,2022/9/14,0:00:00,2022/9/15,23:58:59
364,1,6104,6204,6315,2022/9/21,14:00:00,2022/9/22,12:00:00,2022/9/22,13:00:00,3,3,",50,100,200",2022/9/22,23:59:59,2022/9/21,0:00:00,2022/9/22,23:58:59
365,1,6105,6205,6316,2022/9/28,14:00:00,2022/9/29,12:00:00,2022/9/29,13:00:00,3,3,",50,100,200",2022/9/29,23:59:59,2022/9/28,0:00:00,2022/9/29,23:58:59
366,1,6106,6206,6317,2022/10/5,14:00:00,2022/10/6,12:00:00,2022/10/6,13:00:00,3,3,",50,100,200",2022/10/6,23:59:59,2022/10/5,0:00:00,2022/10/6,23:58:59
367,1,6107,6207,6318,2022/10/12,14:00:00,2022/10/13,12:00:00,2022/10/13,13:00:00,3,3,",50,100,200",2022/10/13,23:59:59,2022/10/12,0:00:00,2022/10/13,23:58:59
368,1,6108,6208,6319,2022/10/19,14:00:00,2022/10/20,12:00:00,2022/10/20,13:00:00,3,3,",50,100,200",2022/10/20,23:59:59,2022/10/19,0:00:00,2022/10/20,23:58:59
369,1,6109,6209,6320,2022/10/26,14:00:00,2022/10/27,12:00:00,2022/10/27,13:00:00,3,3,",50,100,200",2022/10/27,23:59:59,2022/10/26,0:00:00,2022/10/27,23:58:59
370,1,6110,6210,6321,2022/11/2,14:00:00,2022/11/3,12:00:00,2022/11/3,13:00:00,3,3,",50,100,200",2022/11/3,23:59:59,2022/11/2,0:00:00,2022/11/3,23:58:59
371,1,6101,6201,6312,2022/11/9,14:00:00,2022/11/10,12:00:00,2022/11/10,13:00:00,3,3,",50,100,200",2022/11/10,23:59:59,2022/11/9,0:00:00,2022/11/10,23:58:59
372,1,6102,6202,6313,2022/11/16,14:00:00,2022/11/17,12:00:00,2022/11/17,13:00:00,3,3,",50,100,200",2022/11/17,23:59:59,2022/11/16,0:00:00,2022/11/17,23:58:59
373,1,6103,6203,6314,2022/11/23,14:00:00,2022/11/24,12:00:00,2022/11/24,13:00:00,3,3,",50,100,200",2022/11/24,23:59:59,2022/11/23,0:00:00,2022/11/24,23:58:59
374,1,6104,6204,6315,2022/11/30,14:00:00,2022/12/1,12:00:00,2022/12/1,13:00:00,3,3,",50,100,200",2022/12/1,23:59:59,2022/11/30,0:00:00,2022/12/1,23:58:59
375,1,6105,6205,6316,2022/12/7,14:00:00,2022/12/8,12:00:00,2022/12/8,13:00:00,3,3,",50,100,200",2022/12/8,23:59:59,2022/12/7,0:00:00,2022/12/8,23:58:59
376,1,6106,6206,6317,2022/12/14,14:00:00,2022/12/15,12:00:00,2022/12/15,13:00:00,3,3,",50,100,200",2022/12/15,23:59:59,2022/12/14,0:00:00,2022/12/15,23:58:59
377,1,6107,6207,6318,2022/12/21,14:00:00,2022/12/22,12:00:00,2022/12/22,13:00:00,3,3,",50,100,200",2022/12/22,23:59:59,2022/12/21,0:00:00,2022/12/22,23:58:59
378,1,6108,6208,6319,2022/12/28,14:00:00,2022/12/29,12:00:00,2022/12/29,13:00:00,3,3,",50,100,200",2022/12/29,23:59:59,2022/12/28,0:00:00,2022/12/29,23:58:59
379,1,6109,6209,6320,2023/1/4,14:00:00,2023/1/5,12:00:00,2023/1/5,13:00:00,3,3,",50,100,200",2023/1/5,23:59:59,2023/1/4,0:00:00,2023/1/5,23:58:59
380,1,6110,6210,6321,2023/1/11,14:00:00,2023/1/12,12:00:00,2023/1/12,13:00:00,3,3,",50,100,200",2023/1/12,23:59:59,2023/1/11,0:00:00,2023/1/12,23:58:59
381,1,6101,6201,6312,2023/1/18,14:00:00,2023/1/19,12:00:00,2023/1/19,13:00:00,3,3,",50,100,200",2023/1/19,23:59:59,2023/1/18,0:00:00,2023/1/19,23:58:59
382,1,6102,6202,6313,2023/1/25,14:00:00,2023/1/26,12:00:00,2023/1/26,13:00:00,3,3,",50,100,200",2023/1/26,23:59:59,2023/1/25,0:00:00,2023/1/26,23:58:59
383,1,6103,6203,6314,2023/2/1,14:00:00,2023/2/2,12:00:00,2023/2/2,13:00:00,3,3,",50,100,200",2023/2/2,23:59:59,2023/2/1,0:00:00,2023/2/2,23:58:59
384,1,6104,6204,6315,2023/2/8,14:00:00,2023/2/9,12:00:00,2023/2/9,13:00:00,3,3,",50,100,200",2023/2/9,23:59:59,2023/2/8,0:00:00,2023/2/9,23:58:59
385,1,6105,6205,6316,2023/2/15,14:00:00,2023/2/16,12:00:00,2023/2/16,13:00:00,3,3,",50,100,200",2023/2/16,23:59:59,2023/2/15,0:00:00,2023/2/16,23:58:59
386,1,6106,6206,6317,2023/2/22,14:00:00,2023/2/23,12:00:00,2023/2/23,13:00:00,3,3,",50,100,200",2023/2/23,23:59:59,2023/2/22,0:00:00,2023/2/23,23:58:59
387,1,6107,6207,6318,2023/3/1,14:00:00,2023/3/2,12:00:00,2023/3/2,13:00:00,3,3,",50,100,200",2023/3/2,23:59:59,2023/3/1,0:00:00,2023/3/2,23:58:59
388,1,6108,6208,6319,2023/3/8,14:00:00,2023/3/9,12:00:00,2023/3/9,13:00:00,3,3,",50,100,200",2023/3/9,23:59:59,2023/3/8,0:00:00,2023/3/9,23:58:59
389,1,6109,6209,6320,2023/3/15,14:00:00,2023/3/16,12:00:00,2023/3/16,13:00:00,3,3,",50,100,200",2023/3/16,23:59:59,2023/3/15,0:00:00,2023/3/16,23:58:59
390,1,6110,6210,6321,2023/3/22,14:00:00,2023/3/23,12:00:00,2023/3/23,13:00:00,3,3,",50,100,200",2023/3/23,23:59:59,2023/3/22,0:00:00,2023/3/23,23:58:59
391,1,6101,6201,6312,2023/3/29,14:00:00,2023/3/30,12:00:00,2023/3/30,13:00:00,3,3,",50,100,200",2023/3/30,23:59:59,2023/3/29,0:00:00,2023/3/30,23:58:59
392,1,6102,6202,6313,2023/4/5,14:00:00,2023/4/6,12:00:00,2023/4/6,13:00:00,3,3,",50,100,200",2023/4/6,23:59:59,2023/4/5,0:00:00,2023/4/6,23:58:59
393,1,6103,6203,6314,2023/4/12,14:00:00,2023/4/13,12:00:00,2023/4/13,13:00:00,3,3,",50,100,200",2023/4/13,23:59:59,2023/4/12,0:00:00,2023/4/13,23:58:59
394,1,6104,6204,6315,2023/4/19,14:00:00,2023/4/20,12:00:00,2023/4/20,13:00:00,3,3,",50,100,200",2023/4/20,23:59:59,2023/4/19,0:00:00,2023/4/20,23:58:59
395,1,6105,6205,6316,2023/4/26,14:00:00,2023/4/27,12:00:00,2023/4/27,13:00:00,3,3,",50,100,200",2023/4/27,23:59:59,2023/4/26,0:00:00,2023/4/27,23:58:59
396,1,6106,6206,6317,2023/5/3,14:00:00,2023/5/4,12:00:00,2023/5/4,13:00:00,3,3,",50,100,200",2023/5/4,23:59:59,2023/5/3,0:00:00,2023/5/4,23:58:59
397,1,6107,6207,6318,2023/5/10,14:00:00,2023/5/11,12:00:00,2023/5/11,13:00:00,3,3,",50,100,200",2023/5/11,23:59:59,2023/5/10,0:00:00,2023/5/11,23:58:59
398,1,6108,6208,6319,2023/5/17,14:00:00,2023/5/18,12:00:00,2023/5/18,13:00:00,3,3,",50,100,200",2023/5/18,23:59:59,2023/5/17,0:00:00,2023/5/18,23:58:59
399,1,6109,6209,6320,2023/5/24,14:00:00,2023/5/25,12:00:00,2023/5/25,13:00:00,3,3,",50,100,200",2023/5/25,23:59:59,2023/5/24,0:00:00,2023/5/25,23:58:59
400,1,6110,6210,6321,2023/5/31,14:00:00,2023/6/1,12:00:00,2023/6/1,13:00:00,3,3,",50,100,200",2023/6/1,23:59:59,2023/5/31,0:00:00,2023/6/1,23:58:59
401,1,6101,6201,6312,2023/6/7,14:00:00,2023/6/8,12:00:00,2023/6/8,13:00:00,3,3,",50,100,200",2023/6/8,23:59:59,2023/6/7,0:00:00,2023/6/8,23:58:59
402,1,6102,6202,6313,2023/6/14,14:00:00,2023/6/15,12:00:00,2023/6/15,13:00:00,3,3,",50,100,200",2023/6/15,23:59:59,2023/6/14,0:00:00,2023/6/15,23:58:59
403,1,6103,6203,6314,2023/6/21,14:00:00,2023/6/22,12:00:00,2023/6/22,13:00:00,3,3,",50,100,200",2023/6/22,23:59:59,2023/6/21,0:00:00,2023/6/22,23:58:59
404,1,6104,6204,6315,2023/6/28,14:00:00,2023/6/29,12:00:00,2023/6/29,13:00:00,3,3,",50,100,200",2023/6/29,23:59:59,2023/6/28,0:00:00,2023/6/29,23:58:59
405,1,6105,6205,6316,2023/7/5,14:00:00,2023/7/6,12:00:00,2023/7/6,13:00:00,3,3,",50,100,200",2023/7/6,23:59:59,2023/7/5,0:00:00,2023/7/6,23:58:59
406,1,6106,6206,6317,2023/7/12,14:00:00,2023/7/13,12:00:00,2023/7/13,13:00:00,3,3,",50,100,200",2023/7/13,23:59:59,2023/7/12,0:00:00,2023/7/13,23:58:59
407,1,6107,6207,6318,2023/7/19,14:00:00,2023/7/20,12:00:00,2023/7/20,13:00:00,3,3,",50,100,200",2023/7/20,23:59:59,2023/7/19,0:00:00,2023/7/20,23:58:59
408,1,6108,6208,6319,2023/7/26,14:00:00,2023/7/27,12:00:00,2023/7/27,13:00:00,3,3,",50,100,200",2023/7/27,23:59:59,2023/7/26,0:00:00,2023/7/27,23:58:59
409,1,6109,6209,6320,2023/8/2,14:00:00,2023/8/3,12:00:00,2023/8/3,13:00:00,3,3,",50,100,200",2023/8/3,23:59:59,2023/8/2,0:00:00,2023/8/3,23:58:59
410,1,6110,6210,6321,2023/8/9,14:00:00,2023/8/10,12:00:00,2023/8/10,13:00:00,3,3,",50,100,200",2023/8/10,23:59:59,2023/8/9,0:00:00,2023/8/10,23:58:59
411,1,6101,6201,6312,2023/8/16,14:00:00,2023/8/17,12:00:00,2023/8/17,13:00:00,3,3,",50,100,200",2023/8/17,23:59:59,2023/8/16,0:00:00,2023/8/17,23:58:59
412,1,6102,6202,6313,2023/8/23,14:00:00,2023/8/24,12:00:00,2023/8/24,13:00:00,3,3,",50,100,200",2023/8/24,23:59:59,2023/8/23,0:00:00,2023/8/24,23:58:59
413,1,6103,6203,6314,2023/8/30,14:00:00,2023/8/31,12:00:00,2023/8/31,13:00:00,3,3,",50,100,200",2023/8/31,23:59:59,2023/8/30,0:00:00,2023/8/31,23:58:59
414,1,6104,6204,6315,2023/9/6,14:00:00,2023/9/7,12:00:00,2023/9/7,13:00:00,3,3,",50,100,200",2023/9/7,23:59:59,2023/9/6,0:00:00,2023/9/7,23:58:59
415,1,6105,6205,6316,2023/9/13,14:00:00,2023/9/14,12:00:00,2023/9/14,13:00:00,3,3,",50,100,200",2023/9/14,23:59:59,2023/9/13,0:00:00,2023/9/14,23:58:59
416,1,6106,6206,6317,2023/9/20,14:00:00,2023/9/21,12:00:00,2023/9/21,13:00:00,3,3,",50,100,200",2023/9/21,23:59:59,2023/9/20,0:00:00,2023/9/21,23:58:59
417,1,6107,6207,6318,2023/9/27,14:00:00,2023/9/28,12:00:00,2023/9/28,13:00:00,3,3,",50,100,200",2023/9/28,23:59:59,2023/9/27,0:00:00,2023/9/28,23:58:59
418,1,6108,6208,6319,2023/10/4,14:00:00,2023/10/5,12:00:00,2023/10/5,13:00:00,3,3,",50,100,200",2023/10/5,23:59:59,2023/10/4,0:00:00,2023/10/5,23:58:59
419,1,6109,6209,6320,2023/10/11,14:00:00,2023/10/12,12:00:00,2023/10/12,13:00:00,3,3,",50,100,200",2023/10/12,23:59:59,2023/10/11,0:00:00,2023/10/12,23:58:59
420,1,6110,6210,6321,2023/10/18,14:00:00,2023/10/19,12:00:00,2023/10/19,13:00:00,3,3,",50,100,200",2023/10/19,23:59:59,2023/10/18,0:00:00,2023/10/19,23:58:59
421,1,6101,6201,6312,2023/10/25,14:00:00,2023/10/26,12:00:00,2023/10/26,13:00:00,3,3,",50,100,200",2023/10/26,23:59:59,2023/10/25,0:00:00,2023/10/26,23:58:59
422,1,6102,6202,6313,2023/11/1,14:00:00,2023/11/2,12:00:00,2023/11/2,13:00:00,3,3,",50,100,200",2023/11/2,23:59:59,2023/11/1,0:00:00,2023/11/2,23:58:59
423,1,6103,6203,6314,2023/11/8,14:00:00,2023/11/9,12:00:00,2023/11/9,13:00:00,3,3,",50,100,200",2023/11/9,23:59:59,2023/11/8,0:00:00,2023/11/9,23:58:59
424,1,6104,6204,6315,2023/11/15,14:00:00,2023/11/16,12:00:00,2023/11/16,13:00:00,3,3,",50,100,200",2023/11/16,23:59:59,2023/11/15,0:00:00,2023/11/16,23:58:59
425,1,6105,6205,6316,2023/11/22,14:00:00,2023/11/23,12:00:00,2023/11/23,13:00:00,3,3,",50,100,200",2023/11/23,23:59:59,2023/11/22,0:00:00,2023/11/23,23:58:59
426,1,6106,6206,6317,2023/11/29,14:00:00,2023/11/30,12:00:00,2023/11/30,13:00:00,3,3,",50,100,200",2023/11/30,23:59:59,2023/11/29,0:00:00,2023/11/30,23:58:59
427,1,6107,6207,6318,2023/12/6,14:00:00,2023/12/7,12:00:00,2023/12/7,13:00:00,3,3,",50,100,200",2023/12/7,23:59:59,2023/12/6,0:00:00,2023/12/7,23:58:59
428,1,6108,6208,6319,2023/12/13,14:00:00,2023/12/14,12:00:00,2023/12/14,13:00:00,3,3,",50,100,200",2023/12/14,23:59:59,2023/12/13,0:00:00,2023/12/14,23:58:59
429,1,6109,6209,6320,2023/12/20,14:00:00,2023/12/21,12:00:00,2023/12/21,13:00:00,3,3,",50,100,200",2023/12/21,23:59:59,2023/12/20,0:00:00,2023/12/21,23:58:59
430,1,6110,6210,6321,2023/12/27,14:00:00,2023/12/28,12:00:00,2023/12/28,13:00:00,3,3,",50,100,200",2023/12/28,23:59:59,2023/12/27,0:00:00,2023/12/28,23:58:59
431,1,6101,6201,6312,2024/1/3,14:00:00,2024/1/4,12:00:00,2024/1/4,13:00:00,3,3,",50,100,200",2024/1/4,23:59:59,2024/1/3,0:00:00,2024/1/4,23:58:59
432,1,6102,6202,6313,2024/1/10,14:00:00,2024/1/11,12:00:00,2024/1/11,13:00:00,3,3,",50,100,200",2024/1/11,23:59:59,2024/1/10,0:00:00,2024/1/11,23:58:59
433,1,6103,6203,6314,2024/1/17,14:00:00,2024/1/18,12:00:00,2024/1/18,13:00:00,3,3,",50,100,200",2024/1/18,23:59:59,2024/1/17,0:00:00,2024/1/18,23:58:59
434,1,6104,6204,6315,2024/1/24,14:00:00,2024/1/25,12:00:00,2024/1/25,13:00:00,3,3,",50,100,200",2024/1/25,23:59:59,2024/1/24,0:00:00,2024/1/25,23:58:59
435,1,6105,6205,6316,2024/1/31,14:00:00,2024/2/1,12:00:00,2024/2/1,13:00:00,3,3,",50,100,200",2024/2/1,23:59:59,2024/1/31,0:00:00,2024/2/1,23:58:59
436,1,6106,6206,6317,2024/2/7,14:00:00,2024/2/8,12:00:00,2024/2/8,13:00:00,3,3,",50,100,200",2024/2/8,23:59:59,2024/2/7,0:00:00,2024/2/8,23:58:59
437,1,6107,6207,6318,2024/2/14,14:00:00,2024/2/15,12:00:00,2024/2/15,13:00:00,3,3,",50,100,200",2024/2/15,23:59:59,2024/2/14,0:00:00,2024/2/15,23:58:59
438,1,6108,6208,6319,2024/2/21,14:00:00,2024/2/22,12:00:00,2024/2/22,13:00:00,3,3,",50,100,200",2024/2/22,23:59:59,2024/2/21,0:00:00,2024/2/22,23:58:59
439,1,6109,6209,6320,2024/2/28,14:00:00,2024/2/29,12:00:00,2024/2/29,13:00:00,3,3,",50,100,200",2024/2/29,23:59:59,2024/2/28,0:00:00,2024/2/29,23:58:59
440,1,6110,6210,6321,2024/3/6,14:00:00,2024/3/7,12:00:00,2024/3/7,13:00:00,3,3,",50,100,200",2024/3/7,23:59:59,2024/3/6,0:00:00,2024/3/7,23:58:59
441,1,6101,6201,6312,2024/3/13,14:00:00,2024/3/14,12:00:00,2024/3/14,13:00:00,3,3,",50,100,200",2024/3/14,23:59:59,2024/3/13,0:00:00,2024/3/14,23:58:59
442,1,6102,6202,6313,2024/3/20,14:00:00,2024/3/21,12:00:00,2024/3/21,13:00:00,3,3,",50,100,200",2024/3/21,23:59:59,2024/3/20,0:00:00,2024/3/21,23:58:59
443,1,6103,6203,6314,2024/3/27,14:00:00,2024/3/28,12:00:00,2024/3/28,13:00:00,3,3,",50,100,200",2024/3/28,23:59:59,2024/3/27,0:00:00,2024/3/28,23:58:59
444,1,6104,6204,6315,2024/4/3,14:00:00,2024/4/4,12:00:00,2024/4/4,13:00:00,3,3,",50,100,200",2024/4/4,23:59:59,2024/4/3,0:00:00,2024/4/4,23:58:59
445,1,6105,6205,6316,2024/4/10,14:00:00,2024/4/11,12:00:00,2024/4/11,13:00:00,3,3,",50,100,200",2024/4/11,23:59:59,2024/4/10,0:00:00,2024/4/11,23:58:59
446,1,6106,6206,6317,2024/4/17,14:00:00,2024/4/18,12:00:00,2024/4/18,13:00:00,3,3,",50,100,200",2024/4/18,23:59:59,2024/4/17,0:00:00,2024/4/18,23:58:59
447,1,6107,6207,6318,2024/4/24,14:00:00,2024/4/25,12:00:00,2024/4/25,13:00:00,3,3,",50,100,200",2024/4/25,23:59:59,2024/4/24,0:00:00,2024/4/25,23:58:59
448,1,6108,6208,6319,2024/5/1,14:00:00,2024/5/2,12:00:00,2024/5/2,13:00:00,3,3,",50,100,200",2024/5/2,23:59:59,2024/5/1,0:00:00,2024/5/2,23:58:59
449,1,6109,6209,6320,2024/5/8,14:00:00,2024/5/9,12:00:00,2024/5/9,13:00:00,3,3,",50,100,200",2024/5/9,23:59:59,2024/5/8,0:00:00,2024/5/9,23:58:59
450,1,6110,6210,6321,2024/5/15,14:00:00,2024/5/16,12:00:00,2024/5/16,13:00:00,3,3,",50,100,200",2024/5/16,23:59:59,2024/5/15,0:00:00,2024/5/16,23:58:59
451,1,6101,6201,6312,2024/5/22,14:00:00,2024/5/23,12:00:00,2024/5/23,13:00:00,3,3,",50,100,200",2024/5/23,23:59:59,2024/5/22,0:00:00,2024/5/23,23:58:59
452,1,6102,6202,6313,2024/5/29,14:00:00,2024/5/30,12:00:00,2024/5/30,13:00:00,3,3,",50,100,200",2024/5/30,23:59:59,2024/5/29,0:00:00,2024/5/30,23:58:59
453,1,6103,6203,6314,2024/6/5,14:00:00,2024/6/6,12:00:00,2024/6/6,13:00:00,3,3,",50,100,200",2024/6/6,23:59:59,2024/6/5,0:00:00,2024/6/6,23:58:59
454,1,6104,6204,6315,2024/6/12,14:00:00,2024/6/13,12:00:00,2024/6/13,13:00:00,3,3,",50,100,200",2024/6/13,23:59:59,2024/6/12,0:00:00,2024/6/13,23:58:59
455,1,6105,6205,6316,2024/6/19,14:00:00,2024/6/20,12:00:00,2024/6/20,13:00:00,3,3,",50,100,200",2024/6/20,23:59:59,2024/6/19,0:00:00,2024/6/20,23:58:59
456,1,6106,6206,6317,2024/6/26,14:00:00,2024/6/27,12:00:00,2024/6/27,13:00:00,3,3,",50,100,200",2024/6/27,23:59:59,2024/6/26,0:00:00,2024/6/27,23:58:59
457,1,6107,6207,6318,2024/7/3,14:00:00,2024/7/4,12:00:00,2024/7/4,13:00:00,3,3,",50,100,200",2024/7/4,23:59:59,2024/7/3,0:00:00,2024/7/4,23:58:59
458,1,6108,6208,6319,2024/7/10,14:00:00,2024/7/11,12:00:00,2024/7/11,13:00:00,3,3,",50,100,200",2024/7/11,23:59:59,2024/7/10,0:00:00,2024/7/11,23:58:59
459,1,6109,6209,6320,2024/7/17,14:00:00,2024/7/18,12:00:00,2024/7/18,13:00:00,3,3,",50,100,200",2024/7/18,23:59:59,2024/7/17,0:00:00,2024/7/18,23:58:59
460,1,6110,6210,6321,2024/7/24,14:00:00,2024/7/25,12:00:00,2024/7/25,13:00:00,3,3,",50,100,200",2024/7/25,23:59:59,2024/7/24,0:00:00,2024/7/25,23:58:59
461,1,6101,6201,6312,2024/7/31,14:00:00,2024/8/1,12:00:00,2024/8/1,13:00:00,3,3,",50,100,200",2024/8/1,23:59:59,2024/7/31,0:00:00,2024/8/1,23:58:59
462,1,6102,6202,6313,2024/8/7,14:00:00,2024/8/8,12:00:00,2024/8/8,13:00:00,3,3,",50,100,200",2024/8/8,23:59:59,2024/8/7,0:00:00,2024/8/8,23:58:59
463,1,6103,6203,6314,2024/8/14,14:00:00,2024/8/15,12:00:00,2024/8/15,13:00:00,3,3,",50,100,200",2024/8/15,23:59:59,2024/8/14,0:00:00,2024/8/15,23:58:59
464,1,6104,6204,6315,2024/8/21,14:00:00,2024/8/22,12:00:00,2024/8/22,13:00:00,3,3,",50,100,200",2024/8/22,23:59:59,2024/8/21,0:00:00,2024/8/22,23:58:59
465,1,6105,6205,6316,2024/8/28,14:00:00,2024/8/29,12:00:00,2024/8/29,13:00:00,3,3,",50,100,200",2024/8/29,23:59:59,2024/8/28,0:00:00,2024/8/29,23:58:59
466,1,6106,6206,6317,2024/9/4,14:00:00,2024/9/5,12:00:00,2024/9/5,13:00:00,3,3,",50,100,200",2024/9/5,23:59:59,2024/9/4,0:00:00,2024/9/5,23:58:59
467,1,6107,6207,6318,2024/9/11,14:00:00,2024/9/12,12:00:00,2024/9/12,13:00:00,3,3,",50,100,200",2024/9/12,23:59:59,2024/9/11,0:00:00,2024/9/12,23:58:59
468,1,6108,6208,6319,2024/9/18,14:00:00,2024/9/19,12:00:00,2024/9/19,13:00:00,3,3,",50,100,200",2024/9/19,23:59:59,2024/9/18,0:00:00,2024/9/19,23:58:59
469,1,6109,6209,6320,2024/9/25,14:00:00,2024/9/26,12:00:00,2024/9/26,13:00:00,3,3,",50,100,200",2024/9/26,23:59:59,2024/9/25,0:00:00,2024/9/26,23:58:59
470,1,6110,6210,6321,2024/10/2,14:00:00,2024/10/3,12:00:00,2024/10/3,13:00:00,3,3,",50,100,200",2024/10/3,23:59:59,2024/10/2,0:00:00,2024/10/3,23:58:59
471,1,6101,6201,6312,2024/10/9,14:00:00,2024/10/10,12:00:00,2024/10/10,13:00:00,3,3,",50,100,200",2024/10/10,23:59:59,2024/10/9,0:00:00,2024/10/10,23:58:59
472,1,6102,6202,6313,2024/10/16,14:00:00,2024/10/17,12:00:00,2024/10/17,13:00:00,3,3,",50,100,200",2024/10/17,23:59:59,2024/10/16,0:00:00,2024/10/17,23:58:59
473,1,6103,6203,6314,2024/10/23,14:00:00,2024/10/24,12:00:00,2024/10/24,13:00:00,3,3,",50,100,200",2024/10/24,23:59:59,2024/10/23,0:00:00,2024/10/24,23:58:59
474,1,6104,6204,6315,2024/10/30,14:00:00,2024/10/31,12:00:00,2024/10/31,13:00:00,3,3,",50,100,200",2024/10/31,23:59:59,2024/10/30,0:00:00,2024/10/31,23:58:59
475,1,6105,6205,6316,2024/11/6,14:00:00,2024/11/7,12:00:00,2024/11/7,13:00:00,3,3,",50,100,200",2024/11/7,23:59:59,2024/11/6,0:00:00,2024/11/7,23:58:59
476,1,6106,6206,6317,2024/11/13,14:00:00,2024/11/14,12:00:00,2024/11/14,13:00:00,3,3,",50,100,200",2024/11/14,23:59:59,2024/11/13,0:00:00,2024/11/14,23:58:59
477,1,6107,6207,6318,2024/11/20,14:00:00,2024/11/21,12:00:00,2024/11/21,13:00:00,3,3,",50,100,200",2024/11/21,23:59:59,2024/11/20,0:00:00,2024/11/21,23:58:59
478,1,6108,6208,6319,2024/11/27,14:00:00,2024/11/28,12:00:00,2024/11/28,13:00:00,3,3,",50,100,200",2024/11/28,23:59:59,2024/11/27,0:00:00,2024/11/28,23:58:59
479,1,6109,6209,6320,2024/12/4,14:00:00,2024/12/5,12:00:00,2024/12/5,13:00:00,3,3,",50,100,200",2024/12/5,23:59:59,2024/12/4,0:00:00,2024/12/5,23:58:59
480,1,6110,6210,6321,2024/12/11,14:00:00,2024/12/12,12:00:00,2024/12/12,13:00:00,3,3,",50,100,200",2024/12/12,23:59:59,2024/12/11,0:00:00,2024/12/12,23:58:59
481,1,6101,6201,6312,2024/12/18,14:00:00,2024/12/19,12:00:00,2024/12/19,13:00:00,3,3,",50,100,200",2024/12/19,23:59:59,2024/12/18,0:00:00,2024/12/19,23:58:59
482,1,6102,6202,6313,2024/12/25,14:00:00,2024/12/26,12:00:00,2024/12/26,13:00:00,3,3,",50,100,200",2024/12/26,23:59:59,2024/12/25,0:00:00,2024/12/26,23:58:59
483,1,6103,6203,6314,2025/1/1,14:00:00,2025/1/2,12:00:00,2025/1/2,13:00:00,3,3,",50,100,200",2025/1/2,23:59:59,2025/1/1,0:00:00,2025/1/2,23:58:59
484,1,6104,6204,6315,2025/1/8,14:00:00,2025/1/9,12:00:00,2025/1/9,13:00:00,3,3,",50,100,200",2025/1/9,23:59:59,2025/1/8,0:00:00,2025/1/9,23:58:59
485,1,6105,6205,6316,2025/1/15,14:00:00,2025/1/16,12:00:00,2025/1/16,13:00:00,3,3,",50,100,200",2025/1/16,23:59:59,2025/1/15,0:00:00,2025/1/16,23:58:59
486,1,6106,6206,6317,2025/1/22,14:00:00,2025/1/23,12:00:00,2025/1/23,13:00:00,3,3,",50,100,200",2025/1/23,23:59:59,2025/1/22,0:00:00,2025/1/23,23:58:59
487,1,6107,6207,6318,2025/1/29,14:00:00,2025/1/30,12:00:00,2025/1/30,13:00:00,3,3,",50,100,200",2025/1/30,23:59:59,2025/1/29,0:00:00,2025/1/30,23:58:59
488,1,6108,6208,6319,2025/2/5,14:00:00,2025/2/6,12:00:00,2025/2/6,13:00:00,3,3,",50,100,200",2025/2/6,23:59:59,2025/2/5,0:00:00,2025/2/6,23:58:59
489,1,6109,6209,6320,2025/2/12,14:00:00,2025/2/13,12:00:00,2025/2/13,13:00:00,3,3,",50,100,200",2025/2/13,23:59:59,2025/2/12,0:00:00,2025/2/13,23:58:59
490,1,6110,6210,6321,2025/2/19,14:00:00,2025/2/20,12:00:00,2025/2/20,13:00:00,3,3,",50,100,200",2025/2/20,23:59:59,2025/2/19,0:00:00,2025/2/20,23:58:59
491,1,6101,6201,6312,2025/2/26,14:00:00,2025/2/27,12:00:00,2025/2/27,13:00:00,3,3,",50,100,200",2025/2/27,23:59:59,2025/2/26,0:00:00,2025/2/27,23:58:59
492,1,6102,6202,6313,2025/3/5,14:00:00,2025/3/6,12:00:00,2025/3/6,13:00:00,3,3,",50,100,200",2025/3/6,23:59:59,2025/3/5,0:00:00,2025/3/6,23:58:59
493,1,6103,6203,6314,2025/3/12,14:00:00,2025/3/13,12:00:00,2025/3/13,13:00:00,3,3,",50,100,200",2025/3/13,23:59:59,2025/3/12,0:00:00,2025/3/13,23:58:59
494,1,6104,6204,6315,2025/3/19,14:00:00,2025/3/20,12:00:00,2025/3/20,13:00:00,3,3,",50,100,200",2025/3/20,23:59:59,2025/3/19,0:00:00,2025/3/20,23:58:59
495,1,6105,6205,6316,2025/3/26,14:00:00,2025/3/27,12:00:00,2025/3/27,13:00:00,3,3,",50,100,200",2025/3/27,23:59:59,2025/3/26,0:00:00,2025/3/27,23:58:59
496,1,6106,6206,6317,2025/4/2,14:00:00,2025/4/3,12:00:00,2025/4/3,13:00:00,3,3,",50,100,200",2025/4/3,23:59:59,2025/4/2,0:00:00,2025/4/3,23:58:59
497,1,6107,6207,6318,2025/4/9,14:00:00,2025/4/10,12:00:00,2025/4/10,13:00:00,3,3,",50,100,200",2025/4/10,23:59:59,2025/4/9,0:00:00,2025/4/10,23:58:59
498,1,6108,6208,6319,2025/4/16,14:00:00,2025/4/17,12:00:00,2025/4/17,13:00:00,3,3,",50,100,200",2025/4/17,23:59:59,2025/4/16,0:00:00,2025/4/17,23:58:59
499,1,6109,6209,6320,2025/4/23,14:00:00,2025/4/24,12:00:00,2025/4/24,13:00:00,3,3,",50,100,200",2025/4/24,23:59:59,2025/4/23,0:00:00,2025/4/24,23:58:59
500,1,6110,6210,6321,2025/4/30,14:00:00,2025/5/1,12:00:00,2025/5/1,13:00:00,3,3,",50,100,200",2025/5/1,23:59:59,2025/4/30,0:00:00,2025/5/1,23:58:59
501,1,6101,6201,6312,2025/5/7,14:00:00,2025/5/8,12:00:00,2025/5/8,13:00:00,3,3,",50,100,200",2025/5/8,23:59:59,2025/5/7,0:00:00,2025/5/8,23:58:59
502,1,6102,6202,6313,2025/5/14,14:00:00,2025/5/15,12:00:00,2025/5/15,13:00:00,3,3,",50,100,200",2025/5/15,23:59:59,2025/5/14,0:00:00,2025/5/15,23:58:59
503,1,6103,6203,6314,2025/5/21,14:00:00,2025/5/22,12:00:00,2025/5/22,13:00:00,3,3,",50,100,200",2025/5/22,23:59:59,2025/5/21,0:00:00,2025/5/22,23:58:59
504,1,6104,6204,6315,2025/5/28,14:00:00,2025/5/29,12:00:00,2025/5/29,13:00:00,3,3,",50,100,200",2025/5/29,23:59:59,2025/5/28,0:00:00,2025/5/29,23:58:59
505,1,6105,6205,6316,2025/6/4,14:00:00,2025/6/5,12:00:00,2025/6/5,13:00:00,3,3,",50,100,200",2025/6/5,23:59:59,2025/6/4,0:00:00,2025/6/5,23:58:59
506,1,6106,6206,6317,2025/6/11,14:00:00,2025/6/12,12:00:00,2025/6/12,13:00:00,3,3,",50,100,200",2025/6/12,23:59:59,2025/6/11,0:00:00,2025/6/12,23:58:59
507,1,6107,6207,6318,2025/6/18,14:00:00,2025/6/19,12:00:00,2025/6/19,13:00:00,3,3,",50,100,200",2025/6/19,23:59:59,2025/6/18,0:00:00,2025/6/19,23:58:59
508,1,6108,6208,6319,2025/6/25,14:00:00,2025/6/26,12:00:00,2025/6/26,13:00:00,3,3,",50,100,200",2025/6/26,23:59:59,2025/6/25,0:00:00,2025/6/26,23:58:59
509,1,6109,6209,6320,2025/7/2,14:00:00,2025/7/3,12:00:00,2025/7/3,13:00:00,3,3,",50,100,200",2025/7/3,23:59:59,2025/7/2,0:00:00,2025/7/3,23:58:59
510,1,6110,6210,6321,2025/7/9,14:00:00,2025/7/10,12:00:00,2025/7/10,13:00:00,3,3,",50,100,200",2025/7/10,23:59:59,2025/7/9,0:00:00,2025/7/10,23:58:59
511,1,6101,6201,6312,2025/7/16,14:00:00,2025/7/17,12:00:00,2025/7/17,13:00:00,3,3,",50,100,200",2025/7/17,23:59:59,2025/7/16,0:00:00,2025/7/17,23:58:59
512,1,6102,6202,6313,2025/7/23,14:00:00,2025/7/24,12:00:00,2025/7/24,13:00:00,3,3,",50,100,200",2025/7/24,23:59:59,2025/7/23,0:00:00,2025/7/24,23:58:59
513,1,6103,6203,6314,2025/7/30,14:00:00,2025/7/31,12:00:00,2025/7/31,13:00:00,3,3,",50,100,200",2025/7/31,23:59:59,2025/7/30,0:00:00,2025/7/31,23:58:59
514,1,6104,6204,6315,2025/8/6,14:00:00,2025/8/7,12:00:00,2025/8/7,13:00:00,3,3,",50,100,200",2025/8/7,23:59:59,2025/8/6,0:00:00,2025/8/7,23:58:59
515,1,6105,6205,6316,2025/8/13,14:00:00,2025/8/14,12:00:00,2025/8/14,13:00:00,3,3,",50,100,200",2025/8/14,23:59:59,2025/8/13,0:00:00,2025/8/14,23:58:59
516,1,6106,6206,6317,2025/8/20,14:00:00,2025/8/21,12:00:00,2025/8/21,13:00:00,3,3,",50,100,200",2025/8/21,23:59:59,2025/8/20,0:00:00,2025/8/21,23:58:59
517,1,6107,6207,6318,2025/8/27,14:00:00,2025/8/28,12:00:00,2025/8/28,13:00:00,3,3,",50,100,200",2025/8/28,23:59:59,2025/8/27,0:00:00,2025/8/28,23:58:59
518,1,6108,6208,6319,2025/9/3,14:00:00,2025/9/4,12:00:00,2025/9/4,13:00:00,3,3,",50,100,200",2025/9/4,23:59:59,2025/9/3,0:00:00,2025/9/4,23:58:59
519,1,6109,6209,6320,2025/9/10,14:00:00,2025/9/11,12:00:00,2025/9/11,13:00:00,3,3,",50,100,200",2025/9/11,23:59:59,2025/9/10,0:00:00,2025/9/11,23:58:59
520,1,6110,6210,6321,2025/9/17,14:00:00,2025/9/18,12:00:00,2025/9/18,13:00:00,3,3,",50,100,200",2025/9/18,23:59:59,2025/9/17,0:00:00,2025/9/18,23:58:59
521,1,6101,6201,6312,2025/9/24,14:00:00,2025/9/25,12:00:00,2025/9/25,13:00:00,3,3,",50,100,200",2025/9/25,23:59:59,2025/9/24,0:00:00,2025/9/25,23:58:59
522,1,6102,6202,6313,2025/10/1,14:00:00,2025/10/2,12:00:00,2025/10/2,13:00:00,3,3,",50,100,200",2025/10/2,23:59:59,2025/10/1,0:00:00,2025/10/2,23:58:59
523,1,6103,6203,6314,2025/10/8,14:00:00,2025/10/9,12:00:00,2025/10/9,13:00:00,3,3,",50,100,200",2025/10/9,23:59:59,2025/10/8,0:00:00,2025/10/9,23:58:59
524,1,6104,6204,6315,2025/10/15,14:00:00,2025/10/16,12:00:00,2025/10/16,13:00:00,3,3,",50,100,200",2025/10/16,23:59:59,2025/10/15,0:00:00,2025/10/16,23:58:59
525,1,6105,6205,6316,2025/10/22,14:00:00,2025/10/23,12:00:00,2025/10/23,13:00:00,3,3,",50,100,200",2025/10/23,23:59:59,2025/10/22,0:00:00,2025/10/23,23:58:59
526,1,6106,6206,6317,2025/10/29,14:00:00,2025/10/30,12:00:00,2025/10/30,13:00:00,3,3,",50,100,200",2025/10/30,23:59:59,2025/10/29,0:00:00,2025/10/30,23:58:59
527,1,6107,6207,6318,2025/11/5,14:00:00,2025/11/6,12:00:00,2025/11/6,13:00:00,3,3,",50,100,200",2025/11/6,23:59:59,2025/11/5,0:00:00,2025/11/6,23:58:59
528,1,6108,6208,6319,2025/11/12,14:00:00,2025/11/13,12:00:00,2025/11/13,13:00:00,3,3,",50,100,200",2025/11/13,23:59:59,2025/11/12,0:00:00,2025/11/13,23:58:59
529,1,6109,6209,6320,2025/11/19,14:00:00,2025/11/20,12:00:00,2025/11/20,13:00:00,3,3,",50,100,200",2025/11/20,23:59:59,2025/11/19,0:00:00,2025/11/20,23:58:59
530,1,6110,6210,6321,2025/11/26,14:00:00,2025/11/27,12:00:00,2025/11/27,13:00:00,3,3,",50,100,200",2025/11/27,23:59:59,2025/11/26,0:00:00,2025/11/27,23:58:59
531,1,6101,6201,6312,2025/12/3,14:00:00,2025/12/4,12:00:00,2025/12/4,13:00:00,3,3,",50,100,200",2025/12/4,23:59:59,2025/12/3,0:00:00,2025/12/4,23:58:59
532,1,6102,6202,6313,2025/12/10,14:00:00,2025/12/11,12:00:00,2025/12/11,13:00:00,3,3,",50,100,200",2025/12/11,23:59:59,2025/12/10,0:00:00,2025/12/11,23:58:59
533,1,6103,6203,6314,2025/12/17,14:00:00,2025/12/18,12:00:00,2025/12/18,13:00:00,3,3,",50,100,200",2025/12/18,23:59:59,2025/12/17,0:00:00,2025/12/18,23:58:59
534,1,6104,6204,6315,2025/12/24,14:00:00,2025/12/25,12:00:00,2025/12/25,13:00:00,3,3,",50,100,200",2025/12/25,23:59:59,2025/12/24,0:00:00,2025/12/25,23:58:59
535,1,6105,6205,6316,2025/12/31,14:00:00,2026/1/1,12:00:00,2026/1/1,13:00:00,3,3,",50,100,200",2026/1/1,23:59:59,2025/12/31,0:00:00,2026/1/1,23:58:59
536,1,6106,6206,6317,2026/1/7,14:00:00,2026/1/8,12:00:00,2026/1/8,13:00:00,3,3,",50,100,200",2026/1/8,23:59:59,2026/1/7,0:00:00,2026/1/8,23:58:59
537,1,6107,6207,6318,2026/1/14,14:00:00,2026/1/15,12:00:00,2026/1/15,13:00:00,3,3,",50,100,200",2026/1/15,23:59:59,2026/1/14,0:00:00,2026/1/15,23:58:59
538,1,6108,6208,6319,2026/1/21,14:00:00,2026/1/22,12:00:00,2026/1/22,13:00:00,3,3,",50,100,200",2026/1/22,23:59:59,2026/1/21,0:00:00,2026/1/22,23:58:59
539,1,6109,6209,6320,2026/1/28,14:00:00,2026/1/29,12:00:00,2026/1/29,13:00:00,3,3,",50,100,200",2026/1/29,23:59:59,2026/1/28,0:00:00,2026/1/29,23:58:59
540,1,6110,6210,6321,2026/2/4,14:00:00,2026/2/5,12:00:00,2026/2/5,13:00:00,3,3,",50,100,200",2026/2/5,23:59:59,2026/2/4,0:00:00,2026/2/5,23:58:59
541,1,6101,6201,6312,2026/2/11,14:00:00,2026/2/12,12:00:00,2026/2/12,13:00:00,3,3,",50,100,200",2026/2/12,23:59:59,2026/2/11,0:00:00,2026/2/12,23:58:59
542,1,6102,6202,6313,2026/2/18,14:00:00,2026/2/19,12:00:00,2026/2/19,13:00:00,3,3,",50,100,200",2026/2/19,23:59:59,2026/2/18,0:00:00,2026/2/19,23:58:59
543,1,6103,6203,6314,2026/2/25,14:00:00,2026/2/26,12:00:00,2026/2/26,13:00:00,3,3,",50,100,200",2026/2/26,23:59:59,2026/2/25,0:00:00,2026/2/26,23:58:59
544,1,6104,6204,6315,2026/3/4,14:00:00,2026/3/5,12:00:00,2026/3/5,13:00:00,3,3,",50,100,200",2026/3/5,23:59:59,2026/3/4,0:00:00,2026/3/5,23:58:59
545,1,6105,6205,6316,2026/3/11,14:00:00,2026/3/12,12:00:00,2026/3/12,13:00:00,3,3,",50,100,200",2026/3/12,23:59:59,2026/3/11,0:00:00,2026/3/12,23:58:59
546,1,6106,6206,6317,2026/3/18,14:00:00,2026/3/19,12:00:00,2026/3/19,13:00:00,3,3,",50,100,200",2026/3/19,23:59:59,2026/3/18,0:00:00,2026/3/19,23:58:59
547,1,6107,6207,6318,2026/3/25,14:00:00,2026/3/26,12:00:00,2026/3/26,13:00:00,3,3,",50,100,200",2026/3/26,23:59:59,2026/3/25,0:00:00,2026/3/26,23:58:59
548,1,6108,6208,6319,2026/4/1,14:00:00,2026/4/2,12:00:00,2026/4/2,13:00:00,3,3,",50,100,200",2026/4/2,23:59:59,2026/4/1,0:00:00,2026/4/2,23:58:59
549,1,6109,6209,6320,2026/4/8,14:00:00,2026/4/9,12:00:00,2026/4/9,13:00:00,3,3,",50,100,200",2026/4/9,23:59:59,2026/4/8,0:00:00,2026/4/9,23:58:59
550,1,6110,6210,6321,2026/4/15,14:00:00,2026/4/16,12:00:00,2026/4/16,13:00:00,3,3,",50,100,200",2026/4/16,23:59:59,2026/4/15,0:00:00,2026/4/16,23:58:59
551,1,6101,6201,6312,2026/4/22,14:00:00,2026/4/23,12:00:00,2026/4/23,13:00:00,3,3,",50,100,200",2026/4/23,23:59:59,2026/4/22,0:00:00,2026/4/23,23:58:59
552,1,6102,6202,6313,2026/4/29,14:00:00,2026/4/30,12:00:00,2026/4/30,13:00:00,3,3,",50,100,200",2026/4/30,23:59:59,2026/4/29,0:00:00,2026/4/30,23:58:59
553,1,6103,6203,6314,2026/5/6,14:00:00,2026/5/7,12:00:00,2026/5/7,13:00:00,3,3,",50,100,200",2026/5/7,23:59:59,2026/5/6,0:00:00,2026/5/7,23:58:59
554,1,6104,6204,6315,2026/5/13,14:00:00,2026/5/14,12:00:00,2026/5/14,13:00:00,3,3,",50,100,200",2026/5/14,23:59:59,2026/5/13,0:00:00,2026/5/14,23:58:59
555,1,6105,6205,6316,2026/5/20,14:00:00,2026/5/21,12:00:00,2026/5/21,13:00:00,3,3,",50,100,200",2026/5/21,23:59:59,2026/5/20,0:00:00,2026/5/21,23:58:59
556,1,6106,6206,6317,2026/5/27,14:00:00,2026/5/28,12:00:00,2026/5/28,13:00:00,3,3,",50,100,200",2026/5/28,23:59:59,2026/5/27,0:00:00,2026/5/28,23:58:59
557,1,6107,6207,6318,2026/6/3,14:00:00,2026/6/4,12:00:00,2026/6/4,13:00:00,3,3,",50,100,200",2026/6/4,23:59:59,2026/6/3,0:00:00,2026/6/4,23:58:59
558,1,6108,6208,6319,2026/6/10,14:00:00,2026/6/11,12:00:00,2026/6/11,13:00:00,3,3,",50,100,200",2026/6/11,23:59:59,2026/6/10,0:00:00,2026/6/11,23:58:59
559,1,6109,6209,6320,2026/6/17,14:00:00,2026/6/18,12:00:00,2026/6/18,13:00:00,3,3,",50,100,200",2026/6/18,23:59:59,2026/6/17,0:00:00,2026/6/18,23:58:59
560,1,6110,6210,6321,2026/6/24,14:00:00,2026/6/25,12:00:00,2026/6/25,13:00:00,3,3,",50,100,200",2026/6/25,23:59:59,2026/6/24,0:00:00,2026/6/25,23:58:59
561,1,6101,6201,6312,2026/7/1,14:00:00,2026/7/2,12:00:00,2026/7/2,13:00:00,3,3,",50,100,200",2026/7/2,23:59:59,2026/7/1,0:00:00,2026/7/2,23:58:59
562,1,6102,6202,6313,2026/7/8,14:00:00,2026/7/9,12:00:00,2026/7/9,13:00:00,3,3,",50,100,200",2026/7/9,23:59:59,2026/7/8,0:00:00,2026/7/9,23:58:59
563,1,6103,6203,6314,2026/7/15,14:00:00,2026/7/16,12:00:00,2026/7/16,13:00:00,3,3,",50,100,200",2026/7/16,23:59:59,2026/7/15,0:00:00,2026/7/16,23:58:59
564,1,6104,6204,6315,2026/7/22,14:00:00,2026/7/23,12:00:00,2026/7/23,13:00:00,3,3,",50,100,200",2026/7/23,23:59:59,2026/7/22,0:00:00,2026/7/23,23:58:59
565,1,6105,6205,6316,2026/7/29,14:00:00,2026/7/30,12:00:00,2026/7/30,13:00:00,3,3,",50,100,200",2026/7/30,23:59:59,2026/7/29,0:00:00,2026/7/30,23:58:59
566,1,6106,6206,6317,2026/8/5,14:00:00,2026/8/6,12:00:00,2026/8/6,13:00:00,3,3,",50,100,200",2026/8/6,23:59:59,2026/8/5,0:00:00,2026/8/6,23:58:59
567,1,6107,6207,6318,2026/8/12,14:00:00,2026/8/13,12:00:00,2026/8/13,13:00:00,3,3,",50,100,200",2026/8/13,23:59:59,2026/8/12,0:00:00,2026/8/13,23:58:59
568,1,6108,6208,6319,2026/8/19,14:00:00,2026/8/20,12:00:00,2026/8/20,13:00:00,3,3,",50,100,200",2026/8/20,23:59:59,2026/8/19,0:00:00,2026/8/20,23:58:59
569,1,6109,6209,6320,2026/8/26,14:00:00,2026/8/27,12:00:00,2026/8/27,13:00:00,3,3,",50,100,200",2026/8/27,23:59:59,2026/8/26,0:00:00,2026/8/27,23:58:59
570,1,6110,6210,6321,2026/9/2,14:00:00,2026/9/3,12:00:00,2026/9/3,13:00:00,3,3,",50,100,200",2026/9/3,23:59:59,2026/9/2,0:00:00,2026/9/3,23:58:59
